Rank,First Name,Last Name,Team,Salary
1,Kirk,Cousins,MIN,"$22,500,000 "
2,Demarcus,Lawrence,DAL,"$17,143,000 "
,Ezekiel,Ansah,DET,"$17,143,000 "
4,Russell,Wilson,SEA,"$15,500,000 "
5,Calais,Campbell,JAX,"$15,000,000 "
6,Justin,Houston,KAN,"$14,750,000 "
7,Cam,Newton,CAR,"$14,500,000 "
8,Ndamukong,Suh,LAR,"$14,000,000 "
9,Andy,Dalton,CIN,"$13,700,000 "
10,Malik,Jackson,JAX,"$13,500,000 "
11,Josh,Norman,WAS,"$13,300,000 "
12,Alex,Smith,WAS,"$13,000,000 "
,A.J.,Bouye,JAX,"$13,000,000 "
14,Olivier,Vernon,NYG,"$12,750,000 "
15,DeAndre,Hopkins,HOU,"$12,500,000 "
,Chandler,Jones,ARI,"$12,500,000 "
,Kawann,Short,CAR,"$12,500,000 "
18,Anthony,Barr,MIN,"$12,306,000 "
,Jadeveon,Clowney,HOU,"$12,306,000 "
20,Gerald,McCoy,TAM,"$12,250,000 "
21,Joe,Flacco,BAL,"$12,000,000 "
,Andrew,Luck,IND,"$12,000,000 "
,Russell,Okung,LAC,"$12,000,000 "
,Ben,Roethlisberger,PIT,"$12,000,000 "
25,Fletcher,Cox,PHI,"$11,500,000 "
26,Lamarcus,Joyner,LAR,"$11,287,000 "
27,Melvin,Ingram,LAC,"$11,250,000 "
,Jason,Pierre-Paul,TAM,"$11,250,000 "
29,Eric,Fisher,KAN,"$11,150,000 "
30,Aqib,Talib,LAR,"$11,000,000 "
,Patrick,Peterson,ARI,"$11,000,000 "
,DeSean,Jackson,TAM,"$11,000,000 "
,T.Y.,Hilton,IND,"$11,000,000 "
,Larry,Fitzgerald,ARI,"$11,000,000 "
,J.J.,Watt,HOU,"$11,000,000 "
36,Jamie,Collins,CLE,"$10,650,000 "
37,Jurrell,Casey,TEN,"$10,600,000 "
38,A.J.,Green,CIN,"$10,550,000 "
39,Clay,Matthews,GNB,"$10,400,000 "
,Xavier,Rhodes,MIN,"$10,400,000 "
41,Robert,Quinn,MIA,"$10,333,301 "
42,Drew,Brees,NOR,"$10,200,000 "
,Terron,Armstead,NOR,"$10,200,000 "
44,Bobby,Wagner,SEA,"$10,000,000 "
,Kevin,Zeitler,CLE,"$10,000,000 "
,Logan,Ryan,TEN,"$10,000,000 "
,Tyron,Smith,DAL,"$10,000,000 "
,Tyrod,Taylor,CLE,"$10,000,000 "
,Philip,Rivers,LAC,"$10,000,000 "
50,Marcell,Dareus,JAX,"$9,925,000 "
51,Trent,Williams,WAS,"$9,850,000 "
52,Kelechi,Osemele,OAK,"$9,700,000 "
53,Matthew,Stafford,DET,"$9,500,000 "
54,Ja'Wuan,James,MIA,"$9,341,000 "
55,Cordy,Glenn,CIN,"$9,250,000 "
56,Riley,Reiff,MIN,"$9,100,000 "
57,Ryan,Kerrigan,WAS,"$9,000,000 "
,Robert,Alford,ATL,"$9,000,000 "
,Joe,Haden,PIT,"$9,000,000 "
,Julio,Jones,ATL,"$9,000,000 "
,Brandon,Linder,JAX,"$9,000,000 "
62,Eric,Berry,KAN,"$8,900,000 "
63,Lavonte,David,TAM,"$8,750,000 "
64,C.J.,Mosley,BAL,"$8,718,000 "
,Deone,Bucannon,ARI,"$8,718,000 "
,Dee,Ford,KAN,"$8,718,000 "
67,Cameron,Jordan,NOR,"$8,650,000 "
68,Randall,Cobb,GNB,"$8,600,000 "
69,Darqueze,Dennard,CIN,"$8,526,000 "
,Jimmie,Ward,SFO,"$8,526,000 "
,Bradley,Roby,DEN,"$8,526,000 "
72,Alex,Mack,ATL,"$8,500,000 "
,Desmond,Trufant,ATL,"$8,500,000 "
,Stephon,Gilmore,NWE,"$8,500,000 "
,Demaryius,Thomas,2TM,"$8,500,000 "
,Earl,Thomas,SEA,"$8,500,000 "
77,Kelvin,Benjamin,2TM,"$8,459,000 "
78,Mike,Evans,TAM,"$8,258,000 "
79,Jordan,Reed,WAS,"$8,250,000 "
,Emmanuel,Sanders,DEN,"$8,250,000 "
,Doug,Baldwin,SEA,"$8,250,000 "
82,Joe,Staley,SFO,"$8,025,000 "
83,Case,Keenum,DEN,"$8,000,000 "
,Buster,Skrine,NYJ,"$8,000,000 "
,Kelvin,Beachum,NYJ,"$8,000,000 "
,T.J.,Lang,DET,"$8,000,000 "
,Derek,Wolfe,DEN,"$8,000,000 "
,Cameron,Wake,MIA,"$8,000,000 "
,Rob,Gronkowski,NWE,"$8,000,000 "
,Geno,Atkins,CIN,"$8,000,000 "
91,Kenny,Stills,MIA,"$7,975,000 "
92,Andre,Branch,MIA,"$7,900,000 "
,Jonotthan,Harrison,NYJ,"$7,900,000 "
94,Kiko,Alonso,MIA,"$7,875,000 "
95,Damon,Harrison,2TM,"$7,750,000 "
96,Harrison,Smith,MIN,"$7,650,000 "
,Ronald,Leary,DEN,"$7,650,000 "
98,Keenan,Allen,LAC,"$7,500,000 "
,Devin,McCourty,NWE,"$7,500,000 "
100,Derek,Carr,OAK,"$7,400,000 "
,Chris,Harris,DEN,"$7,400,000 "
102,Brian,Orakpo,TEN,"$7,250,000 "
103,K.J.,Wright,SEA,"$7,200,000 "
104,Golden,Tate,2TM,"$7,000,000 "
,Marvin,Jones,DET,"$7,000,000 "
,Brandon,Graham,PHI,"$7,000,000 "
,Jabaal,Sheard,IND,"$7,000,000 "
,Maurkice,Pouncey,PIT,"$7,000,000 "
,Brian,Winters,NYJ,"$7,000,000 "
,Marshal,Yanda,BAL,"$7,000,000 "
,Sean,Lee,DAL,"$7,000,000 "
,Khalil,Mack,CHI,"$7,000,000 "
113,Jimmy,Smith,BAL,"$6,882,353 "
114,Travis,Kelce,KAN,"$6,800,000 "
115,Jason,Peters,PHI,"$6,750,000 "
116,Pierre,Garcon,SFO,"$6,625,000 "
117,Mike,Daniels,GNB,"$6,600,000 "
118,Jordan,Jenkins,NYJ,"$6,500,000 "
,Eric,Weddle,BAL,"$6,500,000 "
,Kareem,Jackson,HOU,"$6,500,000 "
,Derrick,Morgan,TEN,"$6,500,000 "
,William,Gholston,TAM,"$6,500,000 "
,Jared,Veldheer,DEN,"$6,500,000 "
124,Mark,Barron,LAR,"$6,499,999 "
125,Janoris,Jenkins,NYG,"$6,400,000 "
126,Jerry,Hughes,BUF,"$6,350,000 "
127,Duane,Brown,SEA,"$6,250,000 "
,Mario,Addison,CAR,"$6,250,000 "
129,Jimmy,Garoppolo,SFO,"$6,200,000 "
130,Mohamed,Sanu,ATL,"$6,125,000 "
131,LeSean,McCoy,BUF,"$6,075,000 "
132,Kyle,Rudolph,MIN,"$6,025,000 "
133,Matt,Ryan,ATL,"$6,000,000 "
,Dion,Sims,CHI,"$6,000,000 "
,Jason,Kelce,PHI,"$6,000,000 "
,Rodney,McLeod,PHI,"$6,000,000 "
,Tyrone,Crawford,DAL,"$6,000,000 "
,Trumaine,Johnson,NYJ,"$6,000,000 "
,Anthony,Castonzo,IND,"$6,000,000 "
140,Ha,Ha,2TM,"$5,957,000 "
141,Nate,Solder,NYG,"$5,900,000 "
142,Bryan,Bulaga,GNB,"$5,850,000 "
143,Jourdan,Lewis,DAL,"$5,800,000 "
,Danny,Trevathan,CHI,"$5,800,000 "
,Sheldon,Richardson,MIN,"$5,800,000 "
146,Tashaun,Gipson,JAX,"$5,750,000 "
,Dont'a,Hightower,NWE,"$5,750,000 "
,Travis,Benjamin,LAC,"$5,750,000 "
149,Mitchell,Schwartz,KAN,"$5,700,000 "
150,Donte,Moncrief,JAX,"$5,600,000 "
151,Joel,Bitonio,CLE,"$5,500,000 "
,Jake,Matthews,ATL,"$5,500,000 "
153,Allen,Bailey,KAN,"$5,400,000 "
154,Rodger,Saffold,LAR,"$5,375,000 "
155,Jermaine,Gresham,ARI,"$5,250,000 "
,Michael,Brockers,LAR,"$5,250,000 "
157,Jared,Cook,OAK,"$5,000,000 "
,Brandon,Marshall,DEN,"$5,000,000 "
,Mike,Pouncey,LAC,"$5,000,000 "
,Blake,Bortles,JAX,"$5,000,000 "
,Christian,Kirksey,CLE,"$5,000,000 "
,Spencer,Long,NYJ,"$5,000,000 "
,Jermaine,Kearse,NYJ,"$5,000,000 "
,Lamar,Miller,HOU,"$5,000,000 "
,Mike,Iupati,ARI,"$5,000,000 "
,J.C.,Tretter,CLE,"$5,000,000 "
,Sam,Bradford,ARI,"$5,000,000 "
,Josh,McCown,NYJ,"$5,000,000 "
,Ryan,Schraeder,ATL,"$5,000,000 "
,Torrey,Smith,CAR,"$5,000,000 "
171,Charles,Leno,CHI,"$4,900,000 "
172,Whitney,Mercilus,HOU,"$4,750,000 "
,Dre,Kirkpatrick,CIN,"$4,750,000 "
174,Trai,Turner,CAR,"$4,703,000 "
175,Michael,Johnson,CIN,"$4,550,000 "
,Clint,Boling,CIN,"$4,550,000 "
177,Barry,Church,JAX,"$4,500,000 "
,Jahleel,Addae,LAC,"$4,500,000 "
,Brandon,Mebane,LAC,"$4,500,000 "
,Darian,Stewart,DEN,"$4,500,000 "
,Ryan,Kalil,CAR,"$4,500,000 "
,Ben,Jones,TEN,"$4,500,000 "
,Charles,Clay,BUF,"$4,500,000 "
,Brandon,Carr,BAL,"$4,500,000 "
,Max,Unger,NOR,"$4,500,000 "
,Akiem,Hicks,CHI,"$4,500,000 "
187,James,Carpenter,NYJ,"$4,450,000 "
188,La'el,Collins,DAL,"$4,350,000 "
189,Gabe,Jackson,OAK,"$4,250,000 "
,Larry,Warford,NOR,"$4,250,000 "
,Bobby,Massie,CHI,"$4,250,000 "
192,A.J.,Klein,NOR,"$4,100,000 "
193,Marcus,Gilbert,PIT,"$4,050,000 "
194,Bilal,Powell,NYJ,"$4,000,000 "
,William,Hayes,MIA,"$4,000,000 "
,Jermey,Parnell,JAX,"$4,000,000 "
,Nick,Foles,PHI,"$4,000,000 "
,DaQuan,Jones,TEN,"$4,000,000 "
,Avery,Williamson,NYJ,"$4,000,000 "
,Mark,Ingram,NOR,"$4,000,000 "
,Brandin,Cooks,LAR,"$4,000,000 "
,Terrell,Suggs,BAL,"$4,000,000 "
,Allen,Robinson,CHI,"$4,000,000 "
,Tom,Brady,NWE,"$4,000,000 "
,Casey,Hayward,LAC,"$4,000,000 "
,Marcus,Cannon,NWE,"$4,000,000 "
207,Demar,Dotson,TAM,"$3,975,000 "
208,Jack,Doyle,IND,"$3,900,000 "
,Mike,Remmers,MIN,"$3,900,000 "
,Everson,Griffen,MIN,"$3,900,000 "
211,Glover,Quin,DET,"$3,850,000 "
,Adam,Thielen,MIN,"$3,850,000 "
,Morris,Claiborne,NYJ,"$3,850,000 "
214,Vontaze,Burfict,CIN,"$3,810,000 "
215,Stacy,McGee,WAS,"$3,750,000 "
,Vernon,Davis,WAS,"$3,750,000 "
217,Micah,Hyde,BUF,"$3,700,000 "
,Domata,Peko,DEN,"$3,700,000 "
219,Daniel,Sorensen,KAN,"$3,650,000 "
,Latavius,Murray,MIN,"$3,650,000 "
221,Dante,Fowler,2TM,"$3,638,216 "
222,Prince,Amukamara,CHI,"$3,500,000 "
,Terrance,Williams,DAL,"$3,500,000 "
,Malcolm,Butler,TEN,"$3,500,000 "
,Andy,Levitre,ATL,"$3,500,000 "
,Thomas,Davis,CAR,"$3,500,000 "
,Brent,Grimes,TAM,"$3,500,000 "
,Star,Lotulelei,BUF,"$3,500,000 "
,Jarvis,Landry,CLE,"$3,500,000 "
230,Andrew,Sendejo,MIN,"$3,450,000 "
231,Jordy,Nelson,OAK,"$3,400,000 "
232,Dwayne,Allen,NWE,"$3,380,000 "
233,Laurent,Duvernay-Tardif,KAN,"$3,310,000 "
234,Cole,Beasley,DAL,"$3,250,000 "
,Morgan,Moses,WAS,"$3,250,000 "
,Andre,Hal,HOU,"$3,250,000 "
237,Stephen,Gostkowski,NWE,"$3,200,000 "
,Shawn,Williams,CIN,"$3,200,000 "
239,Mason,Crosby,GNB,"$3,150,000 "
240,Steve,McLendon,NYJ,"$3,125,000 "
241,Giovani,Bernard,CIN,"$3,100,000 "
,Tahir,Whitehead,OAK,"$3,100,000 "
243,Denico,Autry,IND,"$3,000,000 "
,Brooks,Reed,ATL,"$3,000,000 "
,Donald,Penn,OAK,"$3,000,000 "
,Ted,Ginn,NOR,"$3,000,000 "
,Todd,Davis,DEN,"$3,000,000 "
,Timmy,Jernigan,PHI,"$3,000,000 "
,Brett,Kern,TEN,"$3,000,000 "
,Telvin,Smith,JAX,"$3,000,000 "
,Bryan,Anger,TAM,"$3,000,000 "
,Weston,Richburg,SFO,"$3,000,000 "
,Antoine,Bethea,ARI,"$3,000,000 "
,Chris,Hogan,NWE,"$3,000,000 "
,Vinny,Curry,TAM,"$3,000,000 "
,Cordarrelle,Patterson,NWE,"$3,000,000 "
,Alec,Ogletree,NYG,"$3,000,000 "
,Tyson,Alualu,PIT,"$3,000,000 "
,Ricky,Wagner,DET,"$3,000,000 "
,Malcolm,Smith,SFO,"$3,000,000 "
,Abry,Jones,JAX,"$3,000,000 "
262,Jared,Goff,LAR,"$2,989,788 "
263,Leonard,Williams,NYJ,"$2,975,572 "
264,Corey,Coleman,NYG,"$2,955,922 "
265,Danny,Amendola,MIA,"$2,950,000 "
,Justin,Tucker,BAL,"$2,950,000 "
267,Quincy,Enunwa,NYJ,"$2,914,000 "
,Justin,Coleman,SEA,"$2,914,000 "
,Brett,Jones,MIN,"$2,914,000 "
,Ty,Nsekhe,WAS,"$2,914,000 "
,Matt,Paradis,DEN,"$2,914,000 "
,Tyrell,Williams,LAC,"$2,914,000 "
,Adam,Humphries,TAM,"$2,914,000 "
,Corey,Grant,JAX,"$2,914,000 "
,Shaquil,Barrett,DEN,"$2,914,000 "
,Ben,Garland,ATL,"$2,914,000 "
277,Colt,McCoy,WAS,"$2,800,000 "
,Trey,Burton,CHI,"$2,800,000 "
279,Matt,Schaub,ATL,"$2,750,000 "
,Justin,Britt,SEA,"$2,750,000 "
,Sam,Koch,BAL,"$2,750,000 "
,Kyle,Juszczyk,SFO,"$2,750,000 "
283,Darius,Slay,DET,"$2,726,269 "
284,Ezekiel,Elliott,DAL,"$2,718,758 "
285,Theo,Riddick,DET,"$2,700,000 "
,Wesley,Woodyard,TEN,"$2,700,000 "
287,Kevin,White,CHI,"$2,693,597 "
288,Ramon,Foster,PIT,"$2,675,000 "
289,Trent,Murphy,BUF,"$2,625,000 "
290,Akeem,Spence,MIA,"$2,575,000 "
291,Jalen,Ramsey,JAX,"$2,572,818 "
292,Delanie,Walker,TEN,"$2,570,000 "
293,Britton,Colquitt,CLE,"$2,550,000 "
294,Daniel,Kilgore,MIA,"$2,525,000 "
295,Taylor,Gabriel,CHI,"$2,500,000 "
,Stefen,Wisniewski,PHI,"$2,500,000 "
,Allen,Hurns,DAL,"$2,500,000 "
,Aaron,Colvin,HOU,"$2,500,000 "
,Jordan,Poyer,BUF,"$2,500,000 "
,Chris,Hubbard,CLE,"$2,500,000 "
,Marshawn,Lynch,OAK,"$2,500,000 "
,Josh,Kline,TEN,"$2,500,000 "
,Chris,Long,PHI,"$2,500,000 "
,Phil,Dawson,ARI,"$2,500,000 "
,Justin,Ellis,OAK,"$2,500,000 "
306,Rhett,Ellison,NYG,"$2,475,000 "
307,Lorenzo,Alexander,BUF,"$2,450,000 "
308,Johnathan,Joseph,HOU,"$2,400,000 "
309,Sam,Martin,DET,"$2,325,000 "
310,Ronnie,Stanley,BAL,"$2,312,212 "
311,Nevin,Lawson,DET,"$2,300,000 "
312,Seth,Roberts,OAK,"$2,250,000 "
,Julius,Peppers,CAR,"$2,250,000 "
,D.J.,Hayden,JAX,"$2,250,000 "
,Vincent,Rey,CIN,"$2,250,000 "
,Brandon,Fusco,ATL,"$2,250,000 "
,Ryan,Griffin,HOU,"$2,250,000 "
,Vontae,Davis,BUF,"$2,250,000 "
,Kareem,Martin,NYG,"$2,250,000 "
,Kyle,Williams,BUF,"$2,250,000 "
,Chris,Conte,TAM,"$2,250,000 "
,Earl,Mitchell,SFO,"$2,250,000 "
,Beau,Allen,TAM,"$2,250,000 "
,Brandon,McManus,DEN,"$2,250,000 "
,Devon,Kennard,DET,"$2,250,000 "
,Ryan,Succop,TEN,"$2,250,000 "
,Jack,Crawford,ATL,"$2,250,000 "
328,Kyle,Long,CHI,"$2,248,158 "
329,David,Irving,DAL,"$2,238,352 "
330,Trae,Waynes,MIN,"$2,200,142 "
331,Aaron,Lynch,CHI,"$2,200,000 "
,Matthew,Bosher,ATL,"$2,200,000 "
333,Nickell,Robey-Coleman,LAR,"$2,125,000 "
334,Greg,Zuerlein,LAR,"$2,050,000 "
335,Danny,Shelton,NWE,"$2,030,954 "
336,Tyrann,Mathieu,HOU,"$2,000,000 "
,Lee,Smith,OAK,"$2,000,000 "
,Damion,Square,LAC,"$2,000,000 "
,Matt,Prater,DET,"$2,000,000 "
,Bennie,Logan,TEN,"$2,000,000 "
,Von,Miller,DEN,"$2,000,000 "
,Ryan,Jensen,TAM,"$2,000,000 "
,Ryan,Fitzpatrick,TAM,"$2,000,000 "
,Richard,Sherman,SFO,"$2,000,000 "
,Kyle,Van,NWE,"$2,000,000 "
,Dion,Lewis,TEN,"$2,000,000 "
,Tyler,Lockett,SEA,"$2,000,000 "
,Andrew,Norwell,JAX,"$2,000,000 "
,T.J.,Carrie,CLE,"$2,000,000 "
,Tramaine,Brock,DEN,"$2,000,000 "
,Chase,Daniel,CHI,"$2,000,000 "
,Derrick,Shelby,ATL,"$2,000,000 "
,Devonta,Freeman,ATL,"$2,000,000 "
,Anthony,Sherman,KAN,"$2,000,000 "
,Robbie,Gould,SFO,"$2,000,000 "
,Zack,Martin,DAL,"$2,000,000 "
,Marcus,Gilchrist,OAK,"$2,000,000 "
358,Chris,Thompson,WAS,"$1,996,000 "
359,Andrus,Peat,NOR,"$1,988,657 "
360,DeVante,Parker,MIA,"$1,918,165 "
361,Ricardo,Allen,ATL,"$1,914,000 "
362,Stefon,Diggs,MIN,"$1,907,000 "
,Za'Darius,Smith,BAL,"$1,907,000 "
,T.J.,Clemmings,OAK,"$1,907,000 "
,T.J.,Jones,DET,"$1,907,000 "
,Daryl,Williams,CAR,"$1,907,000 "
,Anthony,Chickillo,PIT,"$1,907,000 "
,A.J.,Cann,JAX,"$1,907,000 "
,Danielle,Hunter,MIN,"$1,907,000 "
,Adrian,Amos,CHI,"$1,907,000 "
,Dion,Jordan,SEA,"$1,907,000 "
,Bryce,Callahan,CHI,"$1,907,000 "
,Grady,Jarrett,ATL,"$1,907,000 "
,Trey,Flowers,NWE,"$1,907,000 "
,Josh,Bellamy,CHI,"$1,907,000 "
,Kyle,Emanuel,LAC,"$1,907,000 "
,Jesse,James,PIT,"$1,907,000 "
,Brent,Qvale,NYJ,"$1,907,000 "
,Henry,Anderson,NYJ,"$1,907,000 "
,Quinton,Spain,TEN,"$1,907,000 "
,Neal,Sterling,NYJ,"$1,907,000 "
,Max,Garcia,DEN,"$1,907,000 "
,Jordan,Hicks,PHI,"$1,907,000 "
,Jordan,Berry,PIT,"$1,907,000 "
,JJ,Nelson,ARI,"$1,907,000 "
,Jay,Ajayi,PHI,"$1,907,000 "
,Tyeler,Davison,NOR,"$1,907,000 "
,Kwon,Alexander,TAM,"$1,907,000 "
,Jamison,Crowder,WAS,"$1,907,000 "
,Greg,Mancz,HOU,"$1,907,000 "
,Rontez,Miles,NYJ,"$1,907,000 "
392,Nick,Perry,GNB,"$1,900,000 "
,Captain,Munnerlyn,CAR,"$1,900,000 "
394,Tyler,Kroft,CIN,"$1,897,000 "
,Steven,Nelson,KAN,"$1,897,000 "
396,Jack,Conklin,TEN,"$1,895,242 "
397,Eli,Harold,DET,"$1,892,000 "
398,Melvin,Gordon,LAC,"$1,889,968 "
399,Leonard,Floyd,CHI,"$1,884,806 "
400,David,Johnson,ARI,"$1,882,500 "
401,Chris,Conley,KAN,"$1,882,000 "
402,John,Miller,BUF,"$1,872,000 "
403,Demetrius,Harris,KAN,"$1,850,000 "
,Rashaan,Melvin,OAK,"$1,850,000 "
,Graham,Gano,CAR,"$1,850,000 "
406,Myles,Garrett,CLE,"$1,847,375 "
407,Eli,Apple,2TM,"$1,827,484 "
408,Kevin,Johnson,HOU,"$1,805,375 "
409,Daren,Bates,TEN,"$1,800,000 "
,Josh,Martin,NYJ,"$1,800,000 "
,Josh,Hill,NOR,"$1,800,000 "
412,Arik,Armstead,SFO,"$1,777,177 "
413,Brynden,Trawick,TEN,"$1,750,000 "
,E.J.,Gaines,CLE,"$1,750,000 "
,Dan,Bailey,MIN,"$1,750,000 "
,Garry,Gilliam,SFO,"$1,750,000 "
,Stephen,Hauschka,BUF,"$1,750,000 "
418,Marcus,Peters,LAR,"$1,741,931 "
419,Vernon,Hargreaves,TAM,"$1,738,878 "
420,Cameron,Erving,KAN,"$1,720,781 "
421,Cedric,Ogbuehi,CIN,"$1,706,684 "
422,Kurt,Coleman,NOR,"$1,700,000 "
,Seantrel,Henderson,HOU,"$1,700,000 "
,Manti,Te'o,NOR,"$1,700,000 "
425,Leonard,Fournette,JAX,"$1,699,129 "
426,Bud,Dupree,PIT,"$1,692,583 "
427,Jamon,Brown,2TM,"$1,682,647 "
428,Shane,Ray,DEN,"$1,678,484 "
429,Michael,Bennett,PHI,"$1,650,000 "
,Garrett,Celek,SFO,"$1,650,000 "
431,Sheldon,Rankins,NOR,"$1,613,786 "
432,Byron,Jones,DAL,"$1,607,991 "
433,Laken,Tomlinson,SFO,"$1,600,941 "
434,Jason,McCourty,NWE,"$1,600,000 "
,Jacquizz,Rodgers,TAM,"$1,600,000 "
,Muhammad,Wilkerson,GNB,"$1,600,000 "
,Neiko,Thorpe,SEA,"$1,600,000 "
438,Laremy,Tunsil,MIA,"$1,582,514 "
439,Jamize,Olawale,DAL,"$1,540,000 "
440,Clinton,McDonald,OAK,"$1,534,118 "
,Johnathan,Hankins,OAK,"$1,534,118 "
442,Karl,Joseph,OAK,"$1,530,392 "
443,Julian,Edelman,NWE,"$1,529,412 "
444,T.J.,McDonald,MIA,"$1,500,000 "
,Antonio,Gates,LAC,"$1,500,000 "
,Terrance,Mitchell,CLE,"$1,500,000 "
,Jordan,Mills,BUF,"$1,500,000 "
,Luke,Willson,DET,"$1,500,000 "
,Niles,Paul,JAX,"$1,500,000 "
,Cody,Davis,JAX,"$1,500,000 "
,Blaine,Gabbert,TEN,"$1,500,000 "
,Ted,Larsen,MIA,"$1,500,000 "
,Lerentee,McCray,JAX,"$1,500,000 "
,Jeff,Heath,DAL,"$1,500,000 "
,Al,Woods,IND,"$1,500,000 "
,Bradley,McDougald,SEA,"$1,500,000 "
,Margus,Hunt,IND,"$1,500,000 "
,Duron,Harmon,NWE,"$1,500,000 "
,Marquette,King,DEN,"$1,500,000 "
,Carlos,Hyde,2TM,"$1,500,000 "
,Tramon,Williams,GNB,"$1,500,000 "
,Tavon,Wilson,DET,"$1,500,000 "
,Bruce,Irvin,2TM,"$1,500,000 "
,Mike,Adams,CAR,"$1,500,000 "
,Mike,Pennel,NYJ,"$1,500,000 "
,Adrian,Clayborn,NWE,"$1,500,000 "
,Zach,Fulton,HOU,"$1,500,000 "
,Paul,Richardson,WAS,"$1,500,000 "
,Ryan,Groy,BUF,"$1,500,000 "
,Patrick,DiMarco,BUF,"$1,500,000 "
,Billy,Turner,DEN,"$1,500,000 "
472,Malcom,Brown,NWE,"$1,473,167 "
473,Odell,Beckham,NYG,"$1,459,000 "
474,D.J.,Humphries,ARI,"$1,450,288 "
475,Jimmy,Graham,GNB,"$1,450,000 "
,Spencer,Ware,KAN,"$1,450,000 "
,Marquise,Goodwin,SFO,"$1,450,000 "
,Sam,Acho,CHI,"$1,450,000 "
479,Taylor,Decker,DET,"$1,446,998 "
480,Keanu,Neal,ATL,"$1,426,150 "
481,Kevin,Pierre-Louis,NYJ,"$1,411,765 "
482,Ryan,Kelly,IND,"$1,400,089 "
483,Lawrence,Guy,NWE,"$1,400,000 "
,Kevin,Huber,CIN,"$1,400,000 "
,Coty,Sensabaugh,PIT,"$1,400,000 "
,Terrence,Brooks,NYJ,"$1,400,000 "
,Sylvester,Williams,2TM,"$1,400,000 "
,Anthony,Levine,BAL,"$1,400,000 "
,Eric,Kush,CHI,"$1,400,000 "
,Jonathan,Stewart,NYG,"$1,400,000 "
491,Shaq,Lawson,BUF,"$1,384,452 "
492,Darron,Lee,NYJ,"$1,379,241 "
493,Will,Fuller,HOU,"$1,378,028 "
494,Josh,Doctson,WAS,"$1,363,604 "
495,Mike,Williams,LAC,"$1,362,724 "
496,Laquon,Treadwell,MIN,"$1,353,180 "
497,Tress,Way,WAS,"$1,350,000 "
498,William,Jackson,CIN,"$1,332,331 "
499,Artie,Burns,PIT,"$1,321,907 "
500,Kenny,Clark,GNB,"$1,301,059 "
501,Rafael,Bush,BUF,"$1,300,000 "
,Vlad,Ducasse,BUF,"$1,300,000 "
,Ryan,Allen,NWE,"$1,300,000 "
,Derrick,Johnson,OAK,"$1,300,000 "
505,Joshua,Garnett,SFO,"$1,295,846 "
506,Craig,Robertson,NOR,"$1,275,000 "
507,Connor,Barwin,NYG,"$1,270,000 "
508,Landon,Collins,NYG,"$1,269,620 "
509,Mario,Edwards,NYG,"$1,255,521 "
510,Lance,Kendricks,GNB,"$1,250,000 "
,Eric,Ebron,IND,"$1,250,000 "
,Corey,Peters,ARI,"$1,250,000 "
,Johnson,Bademosi,HOU,"$1,250,000 "
,Ethan,Westbrooks,LAR,"$1,250,000 "
,Senio,Kelemete,HOU,"$1,250,000 "
,K'Waun,Williams,SFO,"$1,250,000 "
,Cody,Parkey,CHI,"$1,250,000 "
,Kenny,Wiggins,DET,"$1,250,000 "
,Zach,Kerr,DEN,"$1,250,000 "
520,Christian,McCaffrey,CAR,"$1,248,695 "
521,John,Ross,CIN,"$1,242,994 "
522,T.J.,Yeldon,JAX,"$1,241,421 "
523,Robert,Nkemdiche,ARI,"$1,231,873 "
524,Preston,Smith,WAS,"$1,223,094 "
525,Mark,Glowinski,IND,"$1,219,000 "
526,Vernon,Butler,CAR,"$1,213,319 "
527,Eddie,Goldman,CHI,"$1,210,407 "
528,Germain,Ifedi,SEA,"$1,201,373 "
529,Darrius,Heyward-Bey,PIT,"$1,200,000 "
,Julian,Stanford,BUF,"$1,200,000 "
,Nate,Ebner,NWE,"$1,200,000 "
,Chris,Jones,DAL,"$1,200,000 "
,Matthew,Slater,NWE,"$1,200,000 "
534,Benardrick,McKinney,HOU,"$1,163,880 "
535,Marshon,Lattimore,NOR,"$1,163,162 "
536,Donovan,Smith,TAM,"$1,162,571 "
537,Derek,Carrier,OAK,"$1,150,000 "
,Linval,Joseph,MIN,"$1,150,000 "
,Darren,Fells,CLE,"$1,150,000 "
,Russell,Bodine,BUF,"$1,150,000 "
,Reggie,Nelson,OAK,"$1,150,000 "
542,Eric,Kendricks,MIN,"$1,138,080 "
543,Ben,Watson,NOR,"$1,105,000 "
544,Eric,Rowe,NWE,"$1,100,435 "
545,Matt,Bryant,ATL,"$1,100,000 "
,Lane,Taylor,GNB,"$1,100,000 "
,Dennis,Kelly,TEN,"$1,100,000 "
,Beau,Brinkley,TEN,"$1,100,000 "
,Aaron,Rodgers,GNB,"$1,100,000 "
,Michael,Thomas,NYG,"$1,100,000 "
,Sherrick,McManis,CHI,"$1,100,000 "
,Cassius,Marsh,SFO,"$1,100,000 "
,Colin,Jones,CAR,"$1,100,000 "
554,Deshaun,Watson,HOU,"$1,094,740 "
555,Phillip,Dorsett,NWE,"$1,094,373 "
556,Damarious,Randall,CLE,"$1,090,381 "
557,Devin,Funchess,CAR,"$1,087,850 "
558,Stephone,Anthony,MIA,"$1,087,150 "
559,Haason,Reddick,ARI,"$1,077,635 "
560,Emmanuel,Ogbah,CLE,"$1,050,876 "
561,Josh,Adams,PHI,"$1,050,000 "
,Marcedes,Lewis,GNB,"$1,050,000 "
,Christian,Jones,DET,"$1,050,000 "
,Eli,Manning,NYG,"$1,050,000 "
,Dekoda,Watson,SFO,"$1,050,000 "
,Marcus,Sherels,MIN,"$1,050,000 "
567,Derek,Barnett,PHI,"$1,049,126 "
568,Denzel,Perryman,LAC,"$1,048,836 "
569,Mitch,Morse,KAN,"$1,047,239 "
570,Jaylon,Smith,DAL,"$1,040,452 "
571,Malik,Hooker,IND,"$1,037,723 "
572,Jordan,Phillips,2TM,"$1,029,942 "
573,Myles,Jack,JAX,"$1,025,858 "
574,Jaquiski,Tartt,SFO,"$1,021,865 "
575,Matt,Cassel,DET,"$1,015,000 "
,Andy,Lee,ARI,"$1,015,000 "
,Garrison,Sanborn,TAM,"$1,015,000 "
,Mike,Nugent,OAK,"$1,015,000 "
,Frostee,Rucker,OAK,"$1,015,000 "
,Corey,Graham,PHI,"$1,015,000 "
,Darren,Sproles,PHI,"$1,015,000 "
,Don,Muhlbach,DET,"$1,015,000 "
,Dominique,Rodgers-Cromartie,OAK,"$1,015,000 "
,Chad,Henne,KAN,"$1,015,000 "
,Haloti,Ngata,PHI,"$1,015,000 "
,Josh,Sitton,MIA,"$1,015,000 "
,Dustin,Colquitt,KAN,"$1,015,000 "
,Clark,Harris,CIN,"$1,015,000 "
,Greg,Olsen,CAR,"$1,015,000 "
,L.P.,Ladouceur,DAL,"$1,015,000 "
,Adrian,Peterson,WAS,"$1,015,000 "
,Zak,DeOssie,NYG,"$1,015,000 "
,Frank,Gore,MIA,"$1,015,000 "
,John,Greco,NYG,"$1,015,000 "
,Sebastian,Janikowski,SEA,"$1,015,000 "
,John,Denney,MIA,"$1,015,000 "
,Adam,Jones,DEN,"$1,015,000 "
,Andrew,Whitworth,LAR,"$1,015,000 "
599,Ronald,Darby,PHI,"$1,008,139 "
600,Xavien,Howard,MIA,"$1,007,094 "
601,Marlon,Humphrey,BAL,"$1,003,522 "
602,Taylor,Lewan,TEN,"$1,000,000 "
,Luke,Stocker,TEN,"$1,000,000 "
,Robert,Turbin,IND,"$1,000,000 "
,Barkevious,Mingo,SEA,"$1,000,000 "
,Mike,Glennon,ARI,"$1,000,000 "
,Isaiah,Crowell,NYJ,"$1,000,000 "
,Pierre,Desir,IND,"$1,000,000 "
,David,Bakhtiari,GNB,"$1,000,000 "
,Cameron,Brate,TAM,"$1,000,000 "
,Levine,Toilolo,DET,"$1,000,000 "
,Roosevelt,Nix,PIT,"$1,000,000 "
,Adrian,Phillips,LAC,"$1,000,000 "
,Brandon,Williams,BAL,"$1,000,000 "
,Quandre,Diggs,DET,"$1,000,000 "
,Tyler,Eifert,CIN,"$1,000,000 "
,Tavon,Austin,DAL,"$1,000,000 "
,Chris,Smith,CLE,"$1,000,000 "
,Ryan,Grant,IND,"$1,000,000 "
,Michael,Schofield,LAC,"$1,000,000 "
,Caleb,Sturgis,LAC,"$1,000,000 "
,Ed,Dickson,SEA,"$1,000,000 "
,Mason,Foster,WAS,"$1,000,000 "
,Kyle,Fuller,CHI,"$1,000,000 "
,Patrick,Robinson,NOR,"$1,000,000 "
,Corey,Linsley,GNB,"$1,000,000 "
,Zach,Brown,WAS,"$1,000,000 "
,Marshall,Newhouse,2TM,"$1,000,000 "
,Morgan,Burnett,PIT,"$1,000,000 "
,Pat,O'Donnell,CHI,"$1,000,000 "
,Davante,Adams,GNB,"$1,000,000 "
,Willie,Snead,BAL,"$1,000,000 "
,Michael,Crabtree,BAL,"$1,000,000 "
,Chris,Ivory,BUF,"$1,000,000 "
,Tre,Boston,ARI,"$1,000,000 "
,Alshon,Jeffery,PHI,"$1,000,000 "
,Brent,Urban,BAL,"$1,000,000 "
,Chris,Banjo,NOR,"$1,000,000 "
,Evan,Dietrich-Smith,TAM,"$1,000,000 "
,Virgil,Green,LAC,"$1,000,000 "
,James,White,NWE,"$1,000,000 "
,Andre,Holmes,2TM,"$1,000,000 "
,Robert,Griffin,BAL,"$1,000,000 "
,LeGarrette,Blount,DET,"$1,000,000 "
,Carlos,Dunlap,CIN,"$1,000,000 "
,Matt,Slauson,IND,"$1,000,000 "
,Kevin,Pamphile,TEN,"$1,000,000 "
,Da'Norris,Searcy,CAR,"$1,000,000 "
,Morgan,Cox,BAL,"$1,000,000 "
,Cameron,Fleming,DAL,"$1,000,000 "
,John,Brown,BAL,"$1,000,000 "
,James,Hurst,BAL,"$1,000,000 "
,Chance,Warmack,PHI,"$1,000,000 "
,Justin,Pugh,ARI,"$1,000,000 "
,Preston,Brown,CIN,"$1,000,000 "
,Rex,Burkhead,NWE,"$1,000,000 "
,Jeremy,Hill,NWE,"$1,000,000 "
,William,Compton,TEN,"$1,000,000 "
,Tony,Jefferson,BAL,"$1,000,000 "
,Brandon,Copeland,NYJ,"$1,000,000 "
661,John,Sullivan,LAR,"$999,999 "
662,Noah,Spence,TAM,"$998,755 "
663,Jonathan,Allen,WAS,"$992,108 "
664,Sterling,Shepard,NYG,"$990,416 "
665,Maxx,Williams,BAL,"$987,646 "
666,Adoree',Jackson,TEN,"$977,854 "
667,Rob,Havenstein,LAR,"$976,367 "
668,Kyle,Nelson,SFO,"$975,000 "
,Jamar,Taylor,2TM,"$975,000 "
,Cody,Latimer,NYG,"$975,000 "
671,Kamalei,Correa,TEN,"$972,694 "
672,Reshad,Jones,MIA,"$970,000 "
673,Markus,Golden,ARI,"$969,318 "
674,O.J.,Howard,TAM,"$969,301 "
675,Garett,Bolles,DEN,"$966,450 "
676,Jake,Fisher,CIN,"$965,884 "
677,Austin,Johnson,TEN,"$964,748 "
678,Jarrad,Davis,DET,"$963,599 "
679,Ty,Sambrailo,ATL,"$959,447 "
680,Charles,Harris,MIA,"$957,897 "
681,Duke,Johnson,CLE,"$957,000 "
682,Jermon,Bushrod,NOR,"$955,294 "
683,Evan,Engram,NYG,"$952,196 "
684,Pernell,McPhee,WAS,"$950,000 "
,Todd,Gurley,LAR,"$950,000 "
,Shawn,Lauvao,WAS,"$950,000 "
687,Frank,Clark,SEA,"$943,938 "
688,Derrick,Henry,TEN,"$941,630 "
689,Nigel,Bradham,PHI,"$941,176 "
690,Jordan,Richards,ATL,"$941,121 "
691,Gareon,Conley,OAK,"$940,792 "
692,Shaq,Thompson,CAR,"$936,000 "
693,Jabrill,Peppers,CLE,"$935,090 "
694,Corey,Liuget,LAC,"$935,000 "
695,Reggie,Ragland,KAN,"$931,034 "
696,Takkarist,McKinley,ATL,"$929,388 "
697,A'Shawn,Robinson,DET,"$925,785 "
698,TreDavious,White,BUF,"$923,687 "
699,Taco,Charlton,DAL,"$920,836 "
700,Thomas,Morstead,NOR,"$918,000 "
701,Chris,Jones,KAN,"$916,476 "
702,Michael,Thomas,NOR,"$915,361 "
703,Malcolm,Jenkins,PHI,"$915,000 "
,Mike,Windt,LAC,"$915,000 "
,Nick,Bellore,DET,"$915,000 "
,Leon,Hall,OAK,"$915,000 "
,Sam,Shields,LAR,"$915,000 "
,Patrick,Chung,NWE,"$915,000 "
,Cameron,Heyward,PIT,"$915,000 "
,Dwayne,Harris,OAK,"$915,000 "
,Kendrick,Lewis,TEN,"$915,000 "
,Davon,House,GNB,"$915,000 "
,Andre,Roberts,NYJ,"$915,000 "
,Orlando,Scandrick,KAN,"$915,000 "
,Logan,Paulsen,ATL,"$915,000 "
,Kyle,Love,CAR,"$915,000 "
,Tank,Carradine,OAK,"$915,000 "
,Ron,Parker,KAN,"$915,000 "
,Brandon,LaFell,OAK,"$915,000 "
,J.J.,Jansen,CAR,"$915,000 "
,Jeremy,Kerley,BUF,"$915,000 "
,Antonio,Brown,PIT,"$915,000 "
,Mike,Wallace,PHI,"$915,000 "
,Joe,Webb,HOU,"$915,000 "
,Nick,Sundberg,WAS,"$915,000 "
,Sam,Young,MIA,"$915,000 "
,Andre,Smith,2TM,"$915,000 "
,Teddy,Bridgewater,NOR,"$915,000 "
,Brian,Hoyer,NWE,"$915,000 "
,Ricky,Jean-Francois,DET,"$915,000 "
,Josh,Johnson,WAS,"$915,000 "
,Michael,Person,SFO,"$915,000 "
,Jon,Weeks,HOU,"$915,000 "
,Rodney,Hudson,OAK,"$915,000 "
,Jake,McQuaide,LAR,"$915,000 "
,Ramon,Humber,2TM,"$915,000 "
737,Shaq,Mason,NWE,"$907,000 "
738,Jason,Spriggs,GNB,"$904,936 "
739,Kenny,Vaccaro,TEN,"$900,000 "
,Russell,Shepard,NYG,"$900,000 "
,Joe,Thomas,DAL,"$900,000 "
,Marcus,Cooper,2TM,"$900,000 "
,Wes,Horton,CAR,"$900,000 "
,Brock,Coyle,SFO,"$900,000 "
,David,Andrews,NWE,"$900,000 "
,A.J.,McCarron,OAK,"$900,000 "
747,David,Njoku,CLE,"$897,959 "
748,Jarran,Reed,SEA,"$894,512 "
749,Aaron,Donald,LAR,"$892,000 "
750,T.J.,Watt,PIT,"$885,844 "
751,Nick,Martin,HOU,"$884,088 "
752,Tom,Johnson,2TM,"$882,353 "
753,Hunter,Henry,LAC,"$880,028 "
754,Sean,Mannion,LAR,"$877,778 "
755,Ameer,Abdullah,2TM,"$876,745 "
756,Deshazor,Everett,WAS,"$875,000 "
757,Ali,Marpet,TAM,"$874,581 "
758,Ryan,Ramczyk,NOR,"$869,162 "
759,Deion,Jones,ATL,"$863,240 "
760,Chris,Clark,CAR,"$861,176 "
,Shareece,Wright,HOU,"$861,176 "
762,Alex,Okafor,NOR,"$850,000 "
,Angelo,Blackson,HOU,"$850,000 "
,Cameron,Meredith,NOR,"$850,000 "
,Doug,Martin,OAK,"$850,000 "
,Justin,Bethel,ATL,"$850,000 "
,Byron,Bell,GNB,"$850,000 "
,Zach,Line,NOR,"$850,000 "
,Demario,Davis,NOR,"$850,000 "
,Bradley,Sowell,CHI,"$850,000 "
,Joe,Looney,DAL,"$850,000 "
772,Mackensie,Alexander,MIN,"$842,391 "
773,Cody,Whitehair,CHI,"$834,051 "
774,Terrell,McClain,ATL,"$825,000 "
,Kerry,Wynn,NYG,"$825,000 "
776,Eric,Reid,CAR,"$823,529 "
777,Sean,Davis,PIT,"$821,543 "
778,Vonn,Bell,NOR,"$811,118 "
779,James,Bradberry,CAR,"$810,076 "
780,Adam,Gotsis,DEN,"$807,991 "
781,Josh,Harris,ATL,"$805,000 "
782,Walt,Aikens,MIA,"$800,000 "
,Mike,Davis,SEA,"$800,000 "
,Tom,Compton,MIN,"$800,000 "
,Vince,Williams,PIT,"$800,000 "
,J.R.,Sweezy,SEA,"$800,000 "
,Benny,Cunningham,CHI,"$800,000 "
,Carson,Tinker,JAX,"$800,000 "
,LaAdrian,Waddle,NWE,"$800,000 "
,D.J.,Fluker,SEA,"$800,000 "
,Jaron,Brown,SEA,"$800,000 "
,James,Develin,NWE,"$800,000 "
,Shamar,Stephen,SEA,"$800,000 "
,Jonathan,Bostic,PIT,"$800,000 "
,Jarius,Wright,CAR,"$800,000 "
,Dontari,Poe,CAR,"$800,000 "
,C.J.,Anderson,2TM,"$800,000 "
798,Dustin,Hopkins,WAS,"$798,928 "
799,Tevin,Coleman,ATL,"$791,628 "
800,Richard,Rodgers,PHI,"$790,000 "
,Aaron,Brewer,ARI,"$790,000 "
,Christine,Michael,IND,"$790,000 "
,Brandon,Weeden,HOU,"$790,000 "
,Lane,Johnson,PHI,"$790,000 "
,Josh,Gordon,2TM,"$790,000 "
,De'Anthony,Thomas,KAN,"$790,000 "
,Kemal,Ishmael,ATL,"$790,000 "
,Anthony,Hitchens,KAN,"$790,000 "
,Blidi,Wreh-Wilson,ATL,"$790,000 "
,Tommy,Bohanon,JAX,"$790,000 "
,David,DeCastro,PIT,"$790,000 "
,Keith,Smith,OAK,"$790,000 "
,Sammy,Watkins,KAN,"$790,000 "
,Damien,Williams,KAN,"$790,000 "
,Najee,Goode,IND,"$790,000 "
,Nat,Berhe,PIT,"$790,000 "
,Phillip,Gaines,2TM,"$790,000 "
,Benson,Mayowa,ARI,"$790,000 "
,Alfred,Morris,SFO,"$790,000 "
,Brandon,Brooks,PHI,"$790,000 "
,Luke,Kuechly,CAR,"$790,000 "
,Steven,Means,ATL,"$790,000 "
,Ben,Jacobs,CAR,"$790,000 "
,John,Jenkins,NYG,"$790,000 "
,Datone,Jones,DAL,"$790,000 "
,Ryan,Hewitt,IND,"$790,000 "
,Kayvon,Webster,HOU,"$790,000 "
,Amini,Silatolu,CAR,"$790,000 "
,Tony,Bergstrom,WAS,"$790,000 "
,LaRoy,Reynolds,PHI,"$790,000 "
,Alfred,Blue,HOU,"$790,000 "
,Korey,Toomer,GNB,"$790,000 "
,Zach,Ertz,PHI,"$790,000 "
,Nathan,Stupar,NYG,"$790,000 "
,Andrew,DePaola,OAK,"$790,000 "
,Jordan,Devey,KAN,"$790,000 "
,Brock,Osweiler,MIA,"$790,000 "
,Marquis,Flowers,DET,"$790,000 "
,Brandon,Dunn,HOU,"$790,000 "
,Brian,Schwenke,NWE,"$790,000 "
,Derrick,Coleman,ARI,"$790,000 "
,Mike,Gillislee,NOR,"$790,000 "
,Kevin,McDermott,MIN,"$790,000 "
,Johnny,Hekker,LAR,"$790,000 "
,George,Iloka,MIN,"$790,000 "
,Earl,Watford,CLE,"$790,000 "
,Josh,Bynes,ARI,"$790,000 "
,Jeremiah,Attaochu,NYJ,"$790,000 "
,Marcus,Smith,WAS,"$790,000 "
,Bene,Benwikere,2TM,"$790,000 "
,Austin,Seferian-Jenkins,JAX,"$790,000 "
,Stevan,Ridley,PIT,"$790,000 "
,Kyle,Wilber,OAK,"$790,000 "
,Geno,Smith,LAC,"$790,000 "
,Orson,Charles,CLE,"$790,000 "
,Greg,Robinson,CLE,"$790,000 "
,Josh,LeRibeus,NOR,"$790,000 "
,Ryan,Tannehill,MIA,"$790,000 "
,J'Marcus,Webb,IND,"$790,000 "
,Brandon,Bolden,MIA,"$790,000 "
,Robert,Woods,LAR,"$790,000 "
,Stephon,Tuitt,PIT,"$790,000 "
,Jarvis,Jenkins,KAN,"$790,000 "
,Adarius,Taylor,TAM,"$790,000 "
,Dakota,Dozier,NYJ,"$790,000 "
,Justin,Hunter,PIT,"$790,000 "
,Vance,McDonald,PIT,"$790,000 "
,Albert,Wilson,MIA,"$790,000 "
,Taiwan,Jones,BUF,"$790,000 "
,Josh,Mauro,NYG,"$790,000 "
,Randy,Bullock,CIN,"$790,000 "
,Gerald,Hodges,ARI,"$790,000 "
,Daniel,McCullers,PIT,"$790,000 "
,Logan,Thomas,BUF,"$790,000 "
,B.W.,Webb,NYG,"$790,000 "
,Tyler,Shatley,JAX,"$790,000 "
877,Tyler,Boyd,CIN,"$787,179 "
878,Kevin,King,GNB,"$786,858 "
879,Kevin,Byard,TEN,"$784,566 "
880,Cam,Robinson,JAX,"$784,007 "
881,Randy,Gregory,DAL,"$781,813 "
882,Donnie,Jones,LAC,"$776,176 "
883,Budda,Baker,ARI,"$775,455 "
884,Brandon,King,NWE,"$775,000 "
885,Zay,Jones,BUF,"$773,174 "
886,Carl,Nassib,TAM,"$773,000 "
887,Reuben,Foster,SFO,"$772,684 "
888,Forrest,Lamp,LAC,"$768,042 "
889,Marcus,Maye,NYJ,"$762,911 "
890,Curtis,Samuel,CAR,"$758,349 "
891,Cody,Kessler,JAX,"$758,098 "
892,Maliek,Collins,DAL,"$755,000 "
893,Dalvin,Cook,MIN,"$753,788 "
894,Bruce,Carter,ATL,"$753,529 "
895,Quinton,Dunbar,WAS,"$750,000 "
,Zach,Zenner,DET,"$750,000 "
897,Marcus,Williams,NOR,"$748,656 "
898,Sidney,Jones,PHI,"$744,095 "
899,Shamarko,Thomas,DEN,"$743,536 "
900,Mychal,Kendricks,SEA,"$743,529 "
,Xavier,Su'a-Filo,DAL,"$743,529 "
,Keith,Tandy,ATL,"$743,529 "
,Will,Clarke,TAM,"$743,529 "
,Brian,Quick,WAS,"$743,529 "
,Kamar,Aiken,PHI,"$743,529 "
,Terence,Garvin,SFO,"$743,529 "
,Kenjon,Barner,2TM,"$743,529 "
,Travis,Swanson,MIA,"$743,529 "
,Corey,Nelson,ATL,"$743,529 "
910,Gerald,Everett,LAR,"$739,749 "
911,Yannick,Ngakoue,JAX,"$735,101 "
912,Jacoby,Brissett,IND,"$735,076 "
913,Adam,Shaheen,CHI,"$733,661 "
914,P.J.,Williams,NOR,"$730,000 "
915,Quincy,Wilson,IND,"$727,103 "
916,Carl,Davis,CLE,"$720,750 "
917,James,Winchester,KAN,"$720,000 "
918,Tyus,Bowser,BAL,"$718,437 "
919,Cyrus,Jones,2TM,"$718,235 "
920,Jonathan,Bullard,CHI,"$718,000 "
921,Ty,Montgomery,2TM,"$716,500 "
922,Derek,Anderson,BUF,"$716,471 "
,Jamaal,Charles,JAX,"$716,471 "
924,Joe,Mixon,CIN,"$712,735 "
925,Denzelle,Good,2TM,"$711,880 "
926,Ryan,Anderson,WAS,"$707,033 "
927,Xavier,Williams,KAN,"$705,000 "
,Nick,Boyle,BAL,"$705,000 "
,Geoff,Swaim,DAL,"$705,000 "
,Zach,Moore,ARI,"$705,000 "
,Rod,Smith,DAL,"$705,000 "
,Kendall,Lamm,HOU,"$705,000 "
,Freddie,Martino,TAM,"$705,000 "
,Corey,Robinson,2TM,"$705,000 "
,Anthony,Harris,MIN,"$705,000 "
,David,Mayo,CAR,"$705,000 "
,Alejandro,Villanueva,PIT,"$705,000 "
,Jacquies,Smith,2TM,"$705,000 "
,Mike,Hull,MIA,"$705,000 "
,Tyler,Patmon,JAX,"$705,000 "
,Rashad,Greene,JAX,"$705,000 "
,Ramik,Wilson,LAR,"$705,000 "
,Geneo,Grissom,2TM,"$705,000 "
,Isaiah,Johnson,LAR,"$705,000 "
,Daniel,Brown,CHI,"$705,000 "
,Jason,Myers,NYJ,"$705,000 "
,Nick,Dzubnar,LAC,"$705,000 "
,Troy,Hill,LAR,"$705,000 "
,Khari,Lee,BUF,"$705,000 "
,Greg,Van,CAR,"$705,000 "
,D.J.,Alexander,PHI,"$705,000 "
,Nick,Williams,CHI,"$705,000 "
,T.Y.,McGill,2TM,"$705,000 "
,Josh,Lambo,JAX,"$705,000 "
,Bryce,Hager,LAR,"$705,000 "
,Jerel,Worthy,TAM,"$705,000 "
,Justin,Hardy,ATL,"$705,000 "
,A.J.,Derby,MIA,"$705,000 "
,Zach,Vigil,WAS,"$705,000 "
,Andrew,Donnal,DET,"$705,000 "
,Chris,Boswell,PIT,"$705,000 "
,James,O'Shaughnessy,JAX,"$705,000 "
,C.J.,Uzomah,CIN,"$705,000 "
,Leterrius,Walton,PIT,"$705,000 "
,Rodney,Gunter,ARI,"$705,000 "
,Joe,Cardona,NWE,"$705,000 "
,Damien,Wilson,DAL,"$705,000 "
,Sammie,Coates,HOU,"$705,000 "
,Brian,Peters,HOU,"$705,000 "
,Clayton,Geathers,IND,"$705,000 "
,Scott,Simonson,NYG,"$705,000 "
,Matt,Longacre,LAR,"$705,000 "
,L.J.,Fort,PIT,"$705,000 "
,Cameron,Artis-Payne,CAR,"$705,000 "
,Mark,Nzeocha,SFO,"$705,000 "
,Bobby,Hart,CIN,"$705,000 "
,Neville,Hewitt,NYJ,"$705,000 "
,Darius,Philon,LAC,"$705,000 "
,Christian,Covington,HOU,"$705,000 "
,Kenyan,Drake,MIA,"$705,000 "
,Geremy,Davis,LAC,"$705,000 "
,Josh,Wells,JAX,"$705,000 "
,Charley,Hughlett,CLE,"$705,000 "
,Josh,Walker,JAX,"$705,000 "
,Cameron,Lynch,TAM,"$705,000 "
,Ibraheim,Campbell,3TM,"$705,000 "
,Bobby,McCain,MIA,"$705,000 "
,Shelby,Harris,DEN,"$705,000 "
,Lorenzo,Doss,CAR,"$705,000 "
,Taylor,Heinicke,CAR,"$705,000 "
,Jeff,Heuerman,DEN,"$705,000 "
,Antone,Exum,SFO,"$705,000 "
,Vic,Beasley,ATL,"$705,000 "
,Raheem,Mostert,SFO,"$705,000 "
,Javorius,Allen,BAL,"$705,000 "
,Brandon,Scherff,WAS,"$705,000 "
,Dominique,Easley,LAR,"$705,000 "
,Michael,Burton,CHI,"$705,000 "
,Jon,Feliciano,OAK,"$705,000 "
,Bradley,Pinion,SFO,"$705,000 "
,Marcus,Mariota,TEN,"$705,000 "
,Darryl,Roberts,NYJ,"$705,000 "
1003,Justin,Evans,TAM,"$701,332 "
1004,Amari,Cooper,2TM,"$700,000 "
1005,Josh,Robinson,NOR,"$699,706 "
1006,Nick,Williams,2TM,"$697,065 "
,Rod,Streater,CLE,"$697,065 "
1008,Jordan,Matthews,PHI,"$697,059 "
,Jay,Bromley,NOR,"$697,059 "
,Brice,Butler,2TM,"$697,059 "
,DeShawn,Shead,DET,"$697,059 "
,Michael,Floyd,WAS,"$697,059 "
,Aldrick,Robinson,MIN,"$697,059 "
1014,DeMarcus,Walker,DEN,"$695,630 "
1015,Javon,Hargrave,PIT,"$691,000 "
1016,DeShone,Kizer,GNB,"$689,928 "
1017,Teez,Tabor,DET,"$684,226 "
1018,Raekwon,McMillan,MIA,"$678,524 "
1019,Dalvin,Tomlinson,NYG,"$672,823 "
1020,Zach,Cunningham,HOU,"$668,261 "
1021,Ethan,Pocic,SEA,"$665,410 "
1022,Isaac,Seumalo,PHI,"$664,000 "
1023,Nate,Orchard,2TM,"$663,529 "
,Martavis,Bryant,OAK,"$663,529 "
1025,C.J.,Prosise,SEA,"$660,000 "
1026,Chidobe,Awuzie,DAL,"$659,709 "
1027,Josh,Jones,GNB,"$657,428 "
1028,Brandon,Williams,ARI,"$656,000 "
1029,JuJu,Smith-Schuster,PIT,"$655,717 "
1030,Dion,Dawkins,BUF,"$655,147 "
1031,Taylor,Moton,CAR,"$654,007 "
1032,Le'Raven,Clark,IND,"$653,000 "
1033,Nick,Vannett,SEA,"$652,000 "
1034,Su'a,Cravens,DEN,"$651,408 "
1035,Caraun,Reid,DAL,"$650,594 "
1036,John,Simon,NWE,"$650,588 "
,Jeremiah,Sirles,BUF,"$650,588 "
,Bashaud,Breeland,GNB,"$650,588 "
1039,Graham,Glasgow,DET,"$648,500 "
1040,Kyler,Fackrell,GNB,"$648,000 "
1041,Kendall,Fuller,KAN,"$647,500 "
1042,Deatrick,Nichols,ARI,"$645,882 "
,Mike,Mitchell,IND,"$645,882 "
1044,Larry,Ogunjobi,CLE,"$642,500 "
1045,Dawuane,Smoot,JAX,"$640,250 "
1046,Cooper,Kupp,LAR,"$640,000 "
1047,Ahkello,Witherspoon,SFO,"$638,325 "
1048,Pat,Elflein,MIN,"$637,000 "
1049,Tanoh,Kpassagnon,KAN,"$636,419 "
1050,Alvin,Kamara,NOR,"$635,000 "
1051,Dan,Feeney,LAC,"$634,000 "
1052,Robert,Kelley,WAS,"$630,000 "
,B.J.,Goodson,NYG,"$630,000 "
,Alan,Cross,TAM,"$630,000 "
,Cory,Littleton,LAR,"$630,000 "
,Joey,Hunt,SEA,"$630,000 "
,Dean,Lowry,GNB,"$630,000 "
,Senorise,Perry,MIA,"$630,000 "
,Hassan,Ridgeway,IND,"$630,000 "
,Jared,Norris,CAR,"$630,000 "
,Tyler,Larsen,CAR,"$630,000 "
,Tyreek,Hill,KAN,"$630,000 "
,George,Fant,SEA,"$630,000 "
,Clayton,Fejedelem,CIN,"$630,000 "
,Dak,Prescott,DAL,"$630,000 "
,Erik,Harris,OAK,"$630,000 "
,Riley,Dixon,NYG,"$630,000 "
,Jarrod,Wilson,JAX,"$630,000 "
,Luke,Rhodes,IND,"$630,000 "
,Derek,Watt,LAC,"$630,000 "
,Mike,Jordan,NYG,"$630,000 "
,Christian,Westerman,CIN,"$630,000 "
,Joey,Bosa,LAC,"$630,000 "
,Tyler,Ervin,HOU,"$630,000 "
,Olsen,Pierre,ARI,"$630,000 "
,DeAndre,Houston-Carson,CHI,"$630,000 "
,Antonio,Morrison,GNB,"$630,000 "
,Joel,Heath,HOU,"$630,000 "
,Terrance,Smith,KAN,"$630,000 "
,Geronimo,Allison,GNB,"$630,000 "
,DeAndre,Washington,OAK,"$630,000 "
,Wes,Schweitzer,ATL,"$630,000 "
,Stephen,Weatherly,MIN,"$630,000 "
,Tajae,Sharpe,TEN,"$630,000 "
,Justin,March-Lillard,DAL,"$630,000 "
,Quinton,Jefferson,SEA,"$630,000 "
,Tyler,Matakevich,PIT,"$630,000 "
,Blake,Countess,LAR,"$630,000 "
,Brennan,Scarlett,HOU,"$630,000 "
,Austin,Reiter,KAN,"$630,000 "
,Brandon,Shell,NYJ,"$630,000 "
,Christopher,Milton,IND,"$630,000 "
,Austin,Hooper,ATL,"$630,000 "
,Kenneth,Dixon,BAL,"$630,000 "
,Jatavis,Brown,LAC,"$630,000 "
,Will,Parks,DEN,"$630,000 "
,Wil,Lutz,NOR,"$630,000 "
,Kavon,Frazier,DAL,"$630,000 "
,Robby,Anderson,NYJ,"$630,000 "
,Jonathan,Jones,NWE,"$630,000 "
,Austin,Blythe,LAR,"$630,000 "
,Rashard,Higgins,CLE,"$630,000 "
,Michael,Pierce,BAL,"$630,000 "
,Drew,Kaser,LAC,"$630,000 "
,Maurice,Harris,WAS,"$630,000 "
,Tyler,Ott,SEA,"$630,000 "
,Marcus,Murphy,BUF,"$630,000 "
,Jalen,Richard,OAK,"$630,000 "
,Javien,Elliott,TAM,"$630,000 "
,Jalen,Mills,PHI,"$630,000 "
,John,Wetzel,ARI,"$630,000 "
,Maurice,Canady,BAL,"$630,000 "
,Lafayette,Pitts,BUF,"$630,000 "
,Peyton,Barber,TAM,"$630,000 "
,Wendell,Smallwood,PHI,"$630,000 "
,D.J.,Reader,HOU,"$630,000 "
,Joe,Dahl,DET,"$630,000 "
,Mike,Thomas,LAR,"$630,000 "
,Kaelin,Clay,NYG,"$630,000 "
,Tre,Madden,SEA,"$630,000 "
,Eric,Tomlinson,NYJ,"$630,000 "
,Damiere,Byrd,CAR,"$630,000 "
,Antonio,Hamilton,NYG,"$630,000 "
,Gabe,Holmes,ARI,"$630,000 "
,Tavon,Young,BAL,"$630,000 "
,David,Onyemata,NOR,"$630,000 "
,Derrick,Kindred,CLE,"$630,000 "
,Jeff,Driskel,CIN,"$630,000 "
,Joe,Schobert,CLE,"$630,000 "
,DeForest,Buckner,SFO,"$630,000 "
,Tyler,Higbee,LAR,"$630,000 "
,Deon,Bush,CHI,"$630,000 "
,Curtis,Riley,NYG,"$630,000 "
,Doug,Middleton,NYJ,"$630,000 "
,Joe,Haeg,IND,"$630,000 "
,Carson,Wentz,PHI,"$630,000 "
,Blake,Martinez,GNB,"$630,000 "
,Ted,Karras,NWE,"$630,000 "
,Romeo,Okwara,DET,"$630,000 "
,Nick,Vigil,CIN,"$630,000 "
,Malcolm,Brown,LAR,"$630,000 "
,Joe,Thuney,NWE,"$630,000 "
,Xavier,Grimble,PIT,"$630,000 "
,Leonard,Wester,TAM,"$630,000 "
,Sheldon,Day,SFO,"$630,000 "
,Kameron,Canaday,PIT,"$630,000 "
,Cody,Core,CIN,"$630,000 "
,Jordan,Howard,CHI,"$630,000 "
,Spencer,Pulley,NYG,"$630,000 "
,Jeremy,Vujnovich,ARI,"$630,000 "
,Ken,Crawley,NOR,"$630,000 "
,David,Fluellen,TEN,"$630,000 "
,Patrick,Scales,CHI,"$630,000 "
,Rick,Lovato,PHI,"$630,000 "
,Andrew,Billings,CIN,"$630,000 "
,Nick,Kwiatkoski,CHI,"$630,000 "
,Lac,Edwards,NYJ,"$630,000 "
,Kamu,Grugier-Hill,PHI,"$630,000 "
,Rashod,Hill,MIN,"$630,000 "
,Brian,Poole,ATL,"$630,000 "
,Darius,Jennings,TEN,"$630,000 "
,Chester,Rogers,IND,"$630,000 "
,Patrick,Onwuasor,BAL,"$630,000 "
,Miles,Killebrew,DET,"$630,000 "
,Tanner,McEvoy,MIA,"$630,000 "
,Jakeem,Grant,MIA,"$630,000 "
,Charone,Peake,NYJ,"$630,000 "
,Jordan,Lucas,KAN,"$630,000 "
,Alex,Collins,BAL,"$630,000 "
,Andy,Janovich,DEN,"$630,000 "
,Anthony,Zettel,CLE,"$630,000 "
,David,Morgan,MIN,"$630,000 "
,Tommylee,Lewis,NOR,"$630,000 "
,Ryan,Smith,TAM,"$630,000 "
,Casey,Kreiter,DEN,"$630,000 "
,Willie,Henry,BAL,"$630,000 "
,Chris,Manhertz,CAR,"$630,000 "
,Nate,Sudfeld,PHI,"$630,000 "
,Jayron,Kearse,MIN,"$630,000 "
,Halapoulivaati,Vaitai,PHI,"$630,000 "
,Corey,Moore,IND,"$630,000 "
,B.J.,Finney,PIT,"$630,000 "
,Anthony,Brown,DAL,"$630,000 "
,Marqui,Christian,LAR,"$630,000 "
,Caleb,Benenoch,TAM,"$630,000 "
,Elandon,Roberts,NWE,"$630,000 "
,Kentrell,Brice,GNB,"$630,000 "
,Alex,Lewis,BAL,"$630,000 "
,Darius,Kilgo,TEN,"$630,000 "
,Matthew,Ioannidis,WAS,"$630,000 "
,Ronald,Blair,SFO,"$630,000 "
,Devontae,Booker,DEN,"$630,000 "
,Alex,Erickson,CIN,"$630,000 "
,Justin,Simmons,DEN,"$630,000 "
,Matthias,Farley,IND,"$630,000 "
,LeShaun,Sims,TEN,"$630,000 "
,Garrison,Smith,ARI,"$630,000 "
,Taywan,Taylor,TEN,"$630,000 "
,David,Parry,MIN,"$630,000 "
,Chris,Reed,JAX,"$630,000 "
,Connor,McGovern,DEN,"$630,000 "
,Briean,Boddy-Calhoun,CLE,"$630,000 "
,De'Vondre,Campbell,ATL,"$630,000 "
,Demarcus,Robinson,KAN,"$630,000 "
,Seth,Devalve,CLE,"$630,000 "
,Chris,Moore,BAL,"$630,000 "
,Ben,Braunecker,CHI,"$630,000 "
,Kentrell,Brothers,MIN,"$630,000 "
,Michael,Palardy,CAR,"$630,000 "
,Eric,Murray,KAN,"$630,000 "
,Trevor,Williams,LAC,"$630,000 "
,Matt,Judon,BAL,"$630,000 "
1213,Jordan,Willis,CIN,"$628,000 "
1214,Chris,Wormley,BAL,"$626,000 "
1215,C.J.,Beathard,SFO,"$625,393 "
1216,Thomas,Rawls,CIN,"$622,065 "
1217,Nick,O'Leary,MIA,"$617,123 "
1218,Duke,Riley,ATL,"$616,500 "
1219,Alex,Anzalone,NOR,"$610,000 "
1220,Cairo,Santos,2TM,"$604,118 "
,Wesley,Johnson,MIA,"$604,118 "
,Maurice,Alexander,SEA,"$604,118 "
,Dontae,Johnson,BUF,"$604,118 "
1224,Tim,Williams,BAL,"$595,000 "
1225,Deiondre',Hall,PHI,"$592,944 "
,Eli,Rogers,PIT,"$592,944 "
1227,Robert,Thomas,BUF,"$592,941 "
,MyCole,Pruitt,TEN,"$592,941 "
,Jihad,Ward,IND,"$592,941 "
1230,Tarell,Basham,2TM,"$590,000 "
1231,D'Onta,Foreman,HOU,"$588,500 "
1232,Shaquill,Griffin,SEA,"$588,000 "
,Delano,Hill,SEA,"$588,000 "
,Fabian,Moreau,WAS,"$588,000 "
1235,Cameron,Sutton,PIT,"$587,400 "
1236,Kenny,Golladay,DET,"$586,000 "
1237,John,Johnson,LAR,"$584,000 "
1238,Cordrea,Tankersley,MIA,"$583,000 "
1239,Chris,Godwin,TAM,"$581,500 "
,Chad,Williams,ARI,"$581,500 "
1241,Montravius,Adams,GNB,"$581,000 "
1242,Jameis,Winston,TAM,"$580,588 "
1243,Rasul,Douglas,PHI,"$580,000 "
1244,Jonnu,Smith,TEN,"$579,000 "
1245,Nazair,Jones,SEA,"$578,000 "
,Trey,Hendrickson,NOR,"$578,000 "
,James,Conner,PIT,"$578,000 "
1248,Kareem,Hunt,KAN,"$575,250 "
1249,Matt,Overton,JAX,"$557,647 "
,Frank,Zombo,KAN,"$557,647 "
,Bryan,Witzmann,CHI,"$557,647 "
1252,Zac,Kerin,WAS,"$555,885 "
1253,Josh,Hawkins,2TM,"$555,882 "
1254,Tanner,Vallejo,CLE,"$555,000 "
,Jaleel,Johnson,MIN,"$555,000 "
,Jordan,Dangerfield,PIT,"$555,000 "
,Corey,Davis,TEN,"$555,000 "
,Ricky,Seals-Jones,ARI,"$555,000 "
,Erik,Magnuson,SFO,"$555,000 "
,Cameron,Tom,NOR,"$555,000 "
,Alex,Armah,CAR,"$555,000 "
,Zach,Wood,NOR,"$555,000 "
,Justin,Hamilton,KAN,"$555,000 "
,Marquel,Lee,OAK,"$555,000 "
,Ryan,Switzer,PIT,"$555,000 "
,Arthur,Maulet,2TM,"$555,000 "
,Jayon,Brown,TEN,"$555,000 "
,Samson,Ebukam,LAR,"$555,000 "
,Tarik,Cohen,CHI,"$555,000 "
,Joseph,Jones,DEN,"$555,000 "
,Matt,Milano,BUF,"$555,000 "
,Nate,Hairston,IND,"$555,000 "
,Nathan,Gerry,PHI,"$555,000 "
,Justin,Hardee,NOR,"$555,000 "
,Cole,Wick,SFO,"$555,000 "
,Matt,Wile,MIN,"$555,000 "
,Matt,Skura,BAL,"$555,000 "
,Jalen,Reeves-Maybin,DET,"$555,000 "
,Eli,Ankou,JAX,"$555,000 "
,Jake,Elliott,PHI,"$555,000 "
,Chad,Wheeler,NYG,"$555,000 "
,Kendrick,Bourne,SFO,"$555,000 "
,Hakeem,Valles,DET,"$555,000 "
,David,Moore,SEA,"$555,000 "
,Tanzel,Smart,LAR,"$555,000 "
,Corey,Levin,TEN,"$555,000 "
,Zane,Gonzalez,2TM,"$555,000 "
,Chase,Allen,MIA,"$555,000 "
,George,Kittle,SFO,"$555,000 "
,Corey,Clement,PHI,"$555,000 "
,Matt,LaCosse,DEN,"$555,000 "
,Eddie,Jackson,CHI,"$555,000 "
,Stacy,Coley,2TM,"$555,000 "
,Roy,Robertson-Harris,CHI,"$555,000 "
,Ka'imi,Fairbairn,HOU,"$555,000 "
,Matt,Feiler,PIT,"$555,000 "
,Jamal,Adams,NYJ,"$555,000 "
,Bryan,Cox,CAR,"$555,000 "
,Aldrick,Rosas,NYG,"$555,000 "
,Anthony,Walker,IND,"$555,000 "
,Akeem,King,SEA,"$555,000 "
,Chuck,Clark,BAL,"$555,000 "
,Thomas,Hennessy,NYJ,"$555,000 "
,Eric,Wilson,MIN,"$555,000 "
,Isaiah,Irving,CHI,"$555,000 "
,Solomon,Thomas,SFO,"$555,000 "
,Jeremy,McNichols,2TM,"$555,000 "
,Deatrich,Wise,NWE,"$555,000 "
,Josh,Malone,CIN,"$555,000 "
,Ben,Gedeon,MIN,"$555,000 "
,Caleb,Brantley,WAS,"$555,000 "
,Reid,Ferguson,BUF,"$555,000 "
,Jamaal,Williams,GNB,"$555,000 "
,Mike,Liedtke,TAM,"$555,000 "
,Vincent,Taylor,MIA,"$555,000 "
,Kerry,Hyder,DET,"$555,000 "
,Charles,Washington,DET,"$555,000 "
,James,Burgess,CLE,"$555,000 "
,Greg,Mabin,SFO,"$555,000 "
,Dylan,Cole,HOU,"$555,000 "
,Chris,Landrum,LAC,"$555,000 "
,Zach,Sterup,MIA,"$555,000 "
,Mitchell,Trubisky,CHI,"$555,000 "
,Donte,Deayon,NYG,"$555,000 "
,Matt,Breida,SFO,"$555,000 "
,Jamal,Agnew,DET,"$555,000 "
,Isaiah,Johnson,TAM,"$555,000 "
,Josh,Harvey-Clemons,WAS,"$555,000 "
,Blair,Brown,JAX,"$555,000 "
,Carlos,Watkins,HOU,"$555,000 "
,Deon,Lacey,BUF,"$555,000 "
,Jeremy,Sprinkle,WAS,"$555,000 "
,Taysom,Hill,NOR,"$555,000 "
,Xavier,Woods,DAL,"$555,000 "
,Josh,Tupou,CIN,"$555,000 "
,Antony,Auclair,TAM,"$555,000 "
,Jermaine,Whitehead,2TM,"$555,000 "
,Ryan,Glasgow,CIN,"$555,000 "
,Al-Quadin,Muhammad,IND,"$555,000 "
,Alex,Redmond,CIN,"$555,000 "
,Patrick,Mahomes,KAN,"$555,000 "
,Chris,Carson,SEA,"$555,000 "
,Chase,Roullier,WAS,"$555,000 "
,Justin,McCray,GNB,"$555,000 "
,Marcus,Johnson,IND,"$555,000 "
,Sean,Culkin,LAC,"$555,000 "
,Daniel,Munyer,ARI,"$555,000 "
,Shane,Smith,NYG,"$555,000 "
,Torry,McTyer,MIA,"$555,000 "
,Carl,Lawson,CIN,"$555,000 "
,Shelton,Gibson,PHI,"$555,000 "
,D.J.,Jones,SFO,"$555,000 "
,Jermaine,Eluemunor,BAL,"$555,000 "
,Michael,Roberts,DET,"$555,000 "
,Tashawn,Bower,MIN,"$555,000 "
,Eddie,Yarbrough,BUF,"$555,000 "
,Kenny,Moore,IND,"$555,000 "
,Darrell,Daniels,2TM,"$555,000 "
,Brandon,Wilson,CIN,"$555,000 "
,Jaydon,Mickens,JAX,"$555,000 "
,Elijah,Lee,SFO,"$555,000 "
,Jordan,Leggett,NYJ,"$555,000 "
,Trey,Hopkins,CIN,"$555,000 "
,Davon,Godchaux,MIA,"$555,000 "
,Trent,Taylor,SFO,"$555,000 "
,Rigoberto,Sanchez,IND,"$555,000 "
,Patrick,Ricard,BAL,"$555,000 "
,Tony,McRae,CIN,"$555,000 "
,Justin,Davis,LAR,"$555,000 "
,Hardy,Nickerson,CIN,"$555,000 "
,Adam,Butler,NWE,"$555,000 "
,Nathan,Peterman,BUF,"$555,000 "
,Derek,Rivers,NWE,"$555,000 "
,Isaac,Rochell,LAC,"$555,000 "
,Cooper,Rush,DAL,"$555,000 "
,Sam,Tevi,LAC,"$555,000 "
,Conor,McDermott,BUF,"$555,000 "
,Eric,Saubert,ATL,"$555,000 "
,Joshua,Perkins,PHI,"$555,000 "
,Marlon,Mack,IND,"$555,000 "
,Austin,Carr,NOR,"$555,000 "
,Rayshawn,Jenkins,LAC,"$555,000 "
,Donald,Payne,JAX,"$555,000 "
,Josh,Reynolds,LAR,"$555,000 "
,Derrick,Jones,NYJ,"$555,000 "
,Austin,Ekeler,LAC,"$555,000 "
,Cole,Toner,LAC,"$555,000 "
,Trevon,Coley,CLE,"$555,000 "
,Matt,Haack,MIA,"$555,000 "
,Mike,Hilton,PIT,"$555,000 "
,C.J.,Ham,MIN,"$555,000 "
,Erik,Swoope,IND,"$555,000 "
,Daniel,Ross,DAL,"$555,000 "
,Joshua,Dobbs,PIT,"$555,000 "
,Desmond,King,LAC,"$555,000 "
,Rudy,Ford,ARI,"$555,000 "
,Dymonte,Thomas,DEN,"$555,000 "
,Danny,Isidora,MIN,"$555,000 "
,Tedric,Thompson,SEA,"$555,000 "
,Adrian,Colbert,SFO,"$555,000 "
,Jesse,Davis,MIA,"$555,000 "
,Montae,Nicholson,WAS,"$555,000 "
,Alex,Ellis,KAN,"$555,000 "
,Harrison,Butker,KAN,"$555,000 "
,Wayne,Gallman,NYG,"$555,000 "
,Jon,Halapio,NYG,"$555,000 "
,Dede,Westbrook,JAX,"$555,000 "
,Jordan,Evans,CIN,"$555,000 "
,Blake,Jarwin,DAL,"$555,000 "
,Damontae,Kazee,ATL,"$555,000 "
,Elijah,Wilkinson,DEN,"$555,000 "
,Nicholas,Morrow,OAK,"$555,000 "
,Lucas,Patrick,GNB,"$555,000 "
,Blaine,Clausell,ARI,"$555,000 "
,Julie'n,Davenport,HOU,"$555,000 "
,Vince,Biegel,NOR,"$555,000 "
,Samaje,Perine,WAS,"$555,000 "
,Keelan,Cole,JAX,"$555,000 "
,Michael,Davis,LAC,"$555,000 "
,Grover,Stewart,IND,"$555,000 "
,Marvin,Hall,ATL,"$555,000 "
,Jacob,Hollister,NWE,"$555,000 "
1423,Michael,Bennett,ATL,"$539,118 "
,Josh,Shaw,2TM,"$539,118 "
,Rakeem,Nunez-Roches,TAM,"$539,118 "
1426,Rishard,Matthews,2TM,"$538,235 "
1427,Evander,Hood,2TM,"$537,353 "
1428,Jehu,Chesson,WAS,"$522,353 "
,Brian,Hill,ATL,"$522,353 "
,Lenzy,Pipkins,2TM,"$522,353 "
,Tyler,Marz,TEN,"$522,353 "
1432,Sharrod,Neasman,ATL,"$518,824 "
,Dwayne,Washington,NOR,"$518,824 "
1434,Michael,Ola,NOR,"$511,181 "
1435,Dontrelle,Inman,IND,"$511,176 "
,Eddie,Pleasant,2TM,"$511,176 "
,Jeff,Allen,KAN,"$511,176 "
1438,Breshad,Perriman,CLE,"$497,647 "
,Darian,Thompson,DAL,"$497,647 "
,Ereck,Flowers,2TM,"$497,647 "
1441,Aaron,Jones,GNB,"$489,706 "
,Joe,Walker,ARI,"$489,706 "
1443,Shilique,Calhoun,OAK,"$489,705 "
1444,John,Phillips,ARI,"$484,416 "
1445,Zane,Beadles,ATL,"$484,412 "
,Kelvin,Sheppard,DET,"$484,412 "
1447,Ian,Silberman,OAK,"$481,767 "
,Ryan,Delaire,SFO,"$481,767 "
,Daryl,Worley,OAK,"$481,767 "
1450,Tyrell,Adams,HOU,"$481,765 "
,Cre'von,LeBlanc,2TM,"$481,765 "
,Brian,Price,2TM,"$481,765 "
1453,Rashard,Robinson,NYJ,"$481,764 "
1454,J'Mon,Moore,GNB,"$480,000 "
,Brian,O'Neill,MIN,"$480,000 "
,Buddy,Howell,HOU,"$480,000 "
,Kylie,Fitts,CHI,"$480,000 "
,Ray-Ray,McCloud,BUF,"$480,000 "
,Brandon,Parker,OAK,"$480,000 "
,Chad,Thomas,CLE,"$480,000 "
,Charvarius,Ward,KAN,"$480,000 "
,Daron,Payne,WAS,"$480,000 "
,Duke,Ejiofor,HOU,"$480,000 "
,Richie,James,SFO,"$480,000 "
,Jordan,Simmons,SEA,"$480,000 "
,Isaac,Yiadom,DEN,"$480,000 "
,Josey,Jewell,DEN,"$480,000 "
,Vita,Vea,TAM,"$480,000 "
,Josh,Rosen,ARI,"$480,000 "
,DJ,Chark,JAX,"$480,000 "
,Frank,Ragnow,DET,"$480,000 "
,Jaire,Alexander,GNB,"$480,000 "
,T.J.,Logan,ARI,"$480,000 "
,Hayden,Hurst,BAL,"$480,000 "
,Poona,Ford,SEA,"$480,000 "
,Mike,McGlinchey,SFO,"$480,000 "
,Mason,Schreck,CIN,"$480,000 "
,Frankie,Luvu,NYJ,"$480,000 "
,Tavierre,Thomas,CLE,"$480,000 "
,Shaquem,Griffin,SEA,"$480,000 "
,Chris,Board,BAL,"$480,000 "
,Emmanuel,Ellerbee,2TM,"$480,000 "
,Lamar,Jackson,BAL,"$480,000 "
,Michael,Gallup,DAL,"$480,000 "
,Justin,Lawler,LAR,"$480,000 "
,Zeke,Turner,ARI,"$480,000 "
,A.J.,Moore,HOU,"$480,000 "
,Danny,Johnson,WAS,"$480,000 "
,Jessie,Bates,CIN,"$480,000 "
,Alex,Light,GNB,"$480,000 "
,Tre,Flowers,SEA,"$480,000 "
,Wyatt,Teller,BUF,"$480,000 "
,Christian,Kirk,ARI,"$480,000 "
,Orlando,Brown,BAL,"$480,000 "
,Jordan,Thomas,HOU,"$480,000 "
,Nick,Nelson,OAK,"$480,000 "
,Will,Hernandez,NYG,"$480,000 "
,Oren,Burks,GNB,"$480,000 "
,Harold,Landry,TEN,"$480,000 "
,Holton,Hill,MIN,"$480,000 "
,Antwaun,Woods,DAL,"$480,000 "
,Leon,Jacobs,JAX,"$480,000 "
,Dennis,Gardeck,ARI,"$480,000 "
,Efe,Obada,CAR,"$480,000 "
,Andrew,Wylie,KAN,"$480,000 "
,Reggie,Gilbert,GNB,"$480,000 "
,John,Kelly,LAR,"$480,000 "
,Auden,Tate,CIN,"$480,000 "
,Jason,Croom,BUF,"$480,000 "
,Devante,Downs,MIN,"$480,000 "
,Mark,Walton,CIN,"$480,000 "
,Vyncint,Smith,HOU,"$480,000 "
,Detrez,Newsome,LAC,"$480,000 "
,Aaron,Stinnie,TEN,"$480,000 "
,Harrison,Phillips,BUF,"$480,000 "
,Natrell,Jamerson,2TM,"$480,000 "
,Kemoko,Turay,IND,"$480,000 "
,DaeSean,Hamilton,DEN,"$480,000 "
,Jordan,Whitehead,TAM,"$480,000 "
,George,Odum,IND,"$480,000 "
,Jalyn,Holmes,MIN,"$480,000 "
,Courtland,Sutton,DEN,"$480,000 "
,Daniel,Carlson,2TM,"$480,000 "
,Trevon,Young,LAR,"$480,000 "
,Tarvarius,Moore,SFO,"$480,000 "
,Sam,Hubbard,CIN,"$480,000 "
,Jullian,Taylor,SFO,"$480,000 "
,Sean,Chandler,NYG,"$480,000 "
,Kerryon,Johnson,DET,"$480,000 "
,Tyrell,Crosby,DET,"$480,000 "
,Jaylen,Samuels,PIT,"$480,000 "
,Josh,Allen,BUF,"$480,000 "
,Siran,Neal,BUF,"$480,000 "
,Armani,Watts,KAN,"$480,000 "
,Bilal,Nichols,CHI,"$480,000 "
,Taylor,Stallworth,NOR,"$480,000 "
,Johnny,Townsend,OAK,"$480,000 "
,Dorance,Armstrong,DAL,"$480,000 "
,Nyheim,Hines,IND,"$480,000 "
,Tra,Carson,2TM,"$480,000 "
,Dallas,Goedert,PHI,"$480,000 "
,Ito,Smith,ATL,"$480,000 "
,Mike,Hughes,MIN,"$480,000 "
,Martinas,Rankin,HOU,"$480,000 "
,Tracy,Walker,DET,"$480,000 "
,Jason,Sanders,MIA,"$480,000 "
,Casey,Dunn,WAS,"$480,000 "
,Sam,Darnold,NYJ,"$480,000 "
,Tre,Herndon,JAX,"$480,000 "
,Terrell,Edmunds,PIT,"$480,000 "
,Breeland,Speaks,KAN,"$480,000 "
,Joel,Iyiegbuniwe,CHI,"$480,000 "
,Ben,Niemann,KAN,"$480,000 "
,Dante,Pettis,SFO,"$480,000 "
,Trent,Sherfield,ARI,"$480,000 "
,Rashaan,Evans,TEN,"$480,000 "
,Malik,Jefferson,CIN,"$480,000 "
,Jerome,Baker,MIA,"$480,000 "
,Foyesade,Oluokun,ATL,"$480,000 "
,Lorenzo,Carter,NYG,"$480,000 "
,Scott,Quessenberry,LAC,"$480,000 "
,Arden,Key,OAK,"$480,000 "
,Nick,Chubb,CLE,"$480,000 "
,Brian,Allen,LAR,"$480,000 "
,Micah,Kiser,LAR,"$480,000 "
,Carlton,Davis,TAM,"$480,000 "
,Javon,Wims,CHI,"$480,000 "
,Donte,Jackson,CAR,"$480,000 "
,Mason,Cole,ARI,"$480,000 "
,Troy,Apke,WAS,"$480,000 "
,Sam,Jones,DEN,"$480,000 "
,Derrick,Nnadi,KAN,"$480,000 "
,Darius,Phillips,CIN,"$480,000 "
,Tyler,Conklin,MIN,"$480,000 "
,Brandon,Facyson,LAC,"$480,000 "
,Josh,Sweat,PHI,"$480,000 "
,Chris,Covington,DAL,"$480,000 "
,Skai,Moore,IND,"$480,000 "
,Will,Dissly,SEA,"$480,000 "
,Braden,Smith,IND,"$480,000 "
,Adonis,Alexander,WAS,"$480,000 "
,Will,Clapp,NOR,"$480,000 "
,Janarion,Grant,BAL,"$480,000 "
,James,Daniels,CHI,"$480,000 "
,Zaire,Franklin,IND,"$480,000 "
,Justin,Watson,TAM,"$480,000 "
,Deadrin,Senat,ATL,"$480,000 "
,Cornell,Armstrong,MIA,"$480,000 "
,Nathan,Shepherd,NYJ,"$480,000 "
,Joseph,Noteboom,LAR,"$480,000 "
,Kyle,Lauletta,NYG,"$480,000 "
,Antonio,Callaway,CLE,"$480,000 "
,Hunter,Bradley,GNB,"$480,000 "
,Justin,Zimmer,ATL,"$480,000 "
,Baker,Mayfield,CLE,"$480,000 "
,Cameron,Johnston,PHI,"$480,000 "
,Derrick,Willies,CLE,"$480,000 "
,Zach,Pascal,IND,"$480,000 "
,Ian,Thomas,CAR,"$480,000 "
,Chris,Herndon,NYJ,"$480,000 "
,Chase,Edmonds,ARI,"$480,000 "
,Rashaad,Penny,SEA,"$480,000 "
,Mark,Andrews,BAL,"$480,000 "
,Justin,Jones,LAC,"$480,000 "
,Keionta,Davis,NWE,"$480,000 "
,Parry,Nickerson,NYJ,"$480,000 "
,Marquez,Valdes-Scantling,GNB,"$480,000 "
,D.J.,Moore,CAR,"$480,000 "
,Chad,Kelly,DEN,"$480,000 "
,Anthony,Firkser,TEN,"$480,000 "
,Jermaine,Carter,CAR,"$480,000 "
,Bradley,Chubb,DEN,"$480,000 "
,Justin,Murray,OAK,"$480,000 "
,Tremon,Smith,KAN,"$480,000 "
,Justin,Reid,HOU,"$480,000 "
,JK,Scott,GNB,"$480,000 "
,Avonte,Maddox,PHI,"$480,000 "
,Ronald,Jones,TAM,"$480,000 "
,Tae,Davis,NYG,"$480,000 "
,M.J.,Stewart,TAM,"$480,000 "
,Peter,Kalambayi,HOU,"$480,000 "
,Zach,Sieler,BAL,"$480,000 "
,Alex,Cappa,TAM,"$480,000 "
,Folorunso,Fatukasi,NYJ,"$480,000 "
,Marcus,Kemp,KAN,"$480,000 "
,Desmond,Harrison,CLE,"$480,000 "
,Connor,Williams,DAL,"$480,000 "
,Shaun,Dion,WAS,"$480,000 "
,Minkah,Fitzpatrick,MIA,"$480,000 "
,Jordan,Akins,HOU,"$480,000 "
,Keion,Crossen,NWE,"$480,000 "
,Adam,Redmond,DAL,"$480,000 "
,Durham,Smythe,MIA,"$480,000 "
,Corn,Elder,CAR,"$480,000 "
,Brendan,Mahon,CAR,"$480,000 "
,Josh,Jackson,GNB,"$480,000 "
,Russell,Gage,ATL,"$480,000 "
,Robert,Tonyan,GNB,"$480,000 "
,Mike,Boone,MIN,"$480,000 "
,Greg,Stroman,WAS,"$480,000 "
,Austin,Calitro,SEA,"$480,000 "
,Rashaan,Gaulden,CAR,"$480,000 "
,Genard,Avery,CLE,"$480,000 "
,Da'Shawn,Hand,DET,"$480,000 "
,Darrel,Williams,KAN,"$480,000 "
,Dane,Cruikshank,TEN,"$480,000 "
,Maurice,Hurst,OAK,"$480,000 "
,D.J.,Reed,SFO,"$480,000 "
,Marcus,Allen,PIT,"$480,000 "
,Fred,Warner,SFO,"$480,000 "
,Dalton,Schultz,DAL,"$480,000 "
,Royce,Freeman,DEN,"$480,000 "
,Dan,Arnold,NOR,"$480,000 "
,Anthony,Miller,CHI,"$480,000 "
,Uchenna,Nwosu,LAC,"$480,000 "
,Devaroe,Lawrence,CLE,"$480,000 "
,Austin,Corbett,CLE,"$480,000 "
,Kalen,Ballage,MIA,"$480,000 "
,Jordan,Wilkins,IND,"$480,000 "
,Michael,Dickson,SEA,"$480,000 "
,Isaiah,Oliver,ATL,"$480,000 "
,DeAndre,Carter,2TM,"$480,000 "
,James,Crawford,GNB,"$480,000 "
,Cameron,Batson,TEN,"$480,000 "
,Phillip,Lindsay,DEN,"$480,000 "
,Kenneth,Durden,TEN,"$480,000 "
,Tre'Quan,Smith,NOR,"$480,000 "
,Tim,Patrick,DEN,"$480,000 "
,Robert,Foster,BUF,"$480,000 "
,Matthew,Thomas,PIT,"$480,000 "
,Raven,Greene,GNB,"$480,000 "
,James,Washington,PIT,"$480,000 "
,Marcus,Davenport,NOR,"$480,000 "
,Keishawn,Bierria,DEN,"$480,000 "
,Shaun,Wilson,TAM,"$480,000 "
,Derwin,James,LAC,"$480,000 "
,Kolton,Miller,OAK,"$480,000 "
,P.J.,Hall,OAK,"$480,000 "
,Ifeadi,Odenigbo,ARI,"$480,000 "
,Trenton,Cannon,NYJ,"$480,000 "
,Brandon,Powell,DET,"$480,000 "
,Leighton,Vander,DAL,"$480,000 "
,Keke,Coutee,HOU,"$480,000 "
,Saquon,Barkley,NYG,"$480,000 "
,Kamrin,Moore,NYG,"$480,000 "
,Andre,Smith,CAR,"$480,000 "
,Gregory,Howell,HOU,"$480,000 "
,Fadol,Brown,2TM,"$480,000 "
,Jack,Cichy,TAM,"$480,000 "
,Denzel,Ward,CLE,"$480,000 "
,Ja'Whaun,Bentley,NWE,"$480,000 "
,Taven,Bryan,JAX,"$480,000 "
,John,Franklin-Myers,LAR,"$480,000 "
,Roc,Thomas,MIN,"$480,000 "
,Equanimeous,St.,GNB,"$480,000 "
,Brett,Maher,DAL,"$480,000 "
,J.C.,Jackson,NWE,"$480,000 "
,Calvin,Ridley,ATL,"$480,000 "
,Sony,Michel,NWE,"$480,000 "
,Rico,Gathers,DAL,"$480,000 "
,Anthony,Averett,BAL,"$480,000 "
,Kyzir,White,LAC,"$480,000 "
,Bradley,Bozeman,BAL,"$480,000 "
,Kenny,Young,BAL,"$480,000 "
,Chukwuma,Okorafor,PIT,"$480,000 "
,Billy,Price,CIN,"$480,000 "
,Matthew,Adams,IND,"$480,000 "
,Alexander,Johnson,DEN,"$480,000 "
,Darious,Williams,2TM,"$480,000 "
,Ricky,Ortiz,ATL,"$480,000 "
,Ryan,Lewis,BUF,"$480,000 "
,Johnny,Mundt,LAR,"$480,000 "
,Marquis,Haynes,CAR,"$480,000 "
,Roquan,Smith,CHI,"$480,000 "
,J.T.,Gray,NOR,"$480,000 "
,Trevor,Daniel,HOU,"$480,000 "
,Tim,Settle,WAS,"$480,000 "
,B.J.,Hill,NYG,"$480,000 "
,Jacob,Martin,SEA,"$480,000 "
,Mike,Gesicki,MIA,"$480,000 "
,Logan,Cooke,JAX,"$480,000 "
,Matt,Dickerson,TEN,"$480,000 "
,Darius,Leonard,IND,"$480,000 "
,Brandon,Zylstra,MIN,"$480,000 "
,Sharif,Finch,TEN,"$480,000 "
,Dee,Virgin,DET,"$480,000 "
,Ronnie,Harrison,JAX,"$480,000 "
,Geron,Christian,WAS,"$480,000 "
,Damion,Ratley,CLE,"$480,000 "
,Taron,Johnson,BUF,"$480,000 "
,Korey,Cunningham,ARI,"$480,000 "
,Bruce,Hector,PHI,"$480,000 "
,Rasheem,Green,SEA,"$480,000 "
,Quenton,Nelson,IND,"$480,000 "
,Tremaine,Edmunds,BUF,"$480,000 "
,Kevin,Toliver,CHI,"$480,000 "
,Corey,Bojorquez,BUF,"$480,000 "
,Jake,Butt,DEN,"$480,000 "
,Dorian,O'Daniel,KAN,"$480,000 "
1740,Keith,Kirkwood,NOR,"$476,000 "
1741,Trent,Sieg,OAK,"$471,765 "
1742,Oday,Aboushi,ARI,"$464,710 "
1743,Ray-Ray,Armstrong,2TM,"$464,706 "
,Austin,Pasztor,TEN,"$464,706 "
1745,David,Sharpe,2TM,"$457,059 "
,Eric,Lee,DET,"$457,059 "
,Daeshon,Hall,PHI,"$457,059 "
1748,Carroll,Phillips,IND,"$457,058 "
1749,Bennie,Fowler,NYG,"$456,176 "
,Josh,Keyes,HOU,"$456,176 "
,Blake,Bell,JAX,"$456,176 "
1752,Roderick,Johnson,HOU,"$451,765 "
1753,Deante,Burton,2TM,"$451,760 "
,Ike,Boettger,BUF,"$451,760 "
,Trey,Quinn,WAS,"$451,760 "
,Keenan,Reynolds,SEA,"$451,760 "
,Jojo,Natson,LAR,"$451,760 "
1758,Brian,Mihalik,NYG,"$444,706 "
,Matt,Lengel,CIN,"$444,706 "
,Evan,Boehm,IND,"$444,706 "
1761,Austin,Howard,WAS,"$430,588 "
1762,Treyvon,Hester,PHI,"$424,412 "
1763,D'Juan,Hines,CLE,"$423,529 "
,Greg,Joseph,CLE,"$423,529 "
1765,Sam,Ficken,LAR,"$423,525 "
1766,Matt,Barkley,BUF,"$418,235 "
,Terrelle,Pryor,2TM,"$418,235 "
,Colton,Schmidt,BUF,"$418,235 "
,Treston,Decoud,DAL,"$418,235 "
1770,Brandon,Marshall,SEA,"$417,941 "
1771,Tony,Lippett,NYG,"$414,706 "
,Chaz,Green,OAK,"$414,706 "
1773,Devante,Bond,TAM,"$407,647 "
1774,Pharoh,Cooper,2TM,"$406,941 "
1775,Andrew,Adams,TAM,"$395,294 "
,Tony,Brown,GNB,"$395,294 "
1777,Trevor,Davis,GNB,"$393,000 "
,Byron,Marshall,WAS,"$393,000 "
,Jake,Brendel,MIA,"$393,000 "
,Dan,Vitale,GNB,"$393,000 "
,J.D.,McKissic,SEA,"$393,000 "
1782,Michael,Tyson,HOU,"$391,765 "
1783,Jermaine,Grace,SEA,"$388,412 "
1784,Joshua,Holsey,WAS,"$378,000 "
,Noah,Brown,DAL,"$378,000 "
,Andy,Jones,DET,"$378,000 "
,Elijah,McGuire,NYJ,"$378,000 "
1788,Leonard,Johnson,ARI,"$376,765 "
1789,Hayes,Pullard,LAC,"$373,235 "
1790,Kony,Ealy,OAK,"$371,765 "
,Albert,McClellan,2TM,"$371,765 "
,Jonathan,Cooper,WAS,"$371,765 "
,Bruce,Ellington,2TM,"$371,765 "
,Luke,Bowanko,WAS,"$371,765 "
1795,Rees,Odhiambo,ARI,"$370,588 "
,De'Vante,Harris,TAM,"$370,588 "
1797,Cam,Sims,WAS,"$369,882 "
1798,Colby,Wadman,DEN,"$367,055 "
1799,Jake,Kumerow,GNB,"$363,000 "
,Davontae,Harris,CIN,"$363,000 "
,Marcell,Harris,SFO,"$363,000 "
,Tyquan,Lewis,IND,"$363,000 "
,R.J.,McIntosh,NYG,"$363,000 "
,Olasunkanmi,Adeniyi,PIT,"$363,000 "
1805,Ukeme,Eligwe,NYG,"$359,118 "
1806,Xavier,Woodson-Luster,CLE,"$359,117 "
,Giorgio,Tavecchio,ATL,"$359,117 "
1808,David,Williams,JAX,"$338,824 "
1809,Michael,Badgley,LAC,"$338,820 "
,Tyrone,Swoopes,SEA,"$338,820 "
1811,Riley,Bullough,TAM,"$326,471 "
1812,Gino,Gradkowski,DEN,"$325,297 "
1813,Travaris,Cadet,CAR,"$325,294 "
,Patrick,Omameh,2TM,"$325,294 "
,Deonte,Thompson,2TM,"$325,294 "
,Kevin,Minter,TAM,"$325,294 "
1817,Mark,Sanchez,WAS,"$322,941 "
1818,Deontay,Burnett,NYJ,"$310,585 "
1819,Juston,Burris,2TM,"$296,471 "
1820,Deon,Yelder,KAN,"$282,350 "
1821,Cyrus,Kouandjio,DEN,"$278,826 "
1822,David,Amerson,ARI,"$278,824 "
,Kasim,Edebali,CIN,"$278,824 "
1824,Isaiah,McKenzie,2TM,"$261,176 "
,Matthew,Dayes,SFO,"$261,176 "
,Obi,Melifonwu,NWE,"$261,176 "
1827,Ben,Koyack,JAX,"$259,413 "
,Martrell,Spaight,2TM,"$259,413 "
1829,Jeff,Richards,LAC,"$254,115 "
,River,Cracraft,DEN,"$254,115 "
,Colby,Gossett,ARI,"$254,115 "
1832,Jon,Condo,ATL,"$238,824 "
1833,De'Vante,Bausby,PHI,"$228,529 "
,Brandon,Bell,CIN,"$228,529 "
1835,Quadree,Henderson,NYG,"$225,880 "
,Will,Redmond,GNB,"$225,880 "
,Zack,Golditch,ARI,"$225,880 "
1838,Christian,Ringo,2TM,"$222,354 "
,Jonathan,Williams,NOR,"$222,354 "
,Josh,Andrews,IND,"$222,354 "
1841,Joe,Barksdale,2TM,"$212,294 "
1842,Tre'von,Johnson,LAC,"$197,645 "
1843,Trent,Brown,NWE,"$190,700 "
1844,Charcandrick,West,KAN,"$185,882 "
,Damontre,Moore,OAK,"$185,882 "
,Chandler,Catanzaro,2TM,"$185,882 "
1847,Thurston,Armbrister,ARI,"$185,295 "
,Nicholas,Grigsby,2TM,"$185,295 "
1849,Matt,Darr,BUF,"$185,294 "
,Temarrick,Hemingway,DEN,"$185,294 "
,Darren,Waller,OAK,"$185,294 "
1852,D.J.,Swearinger,WAS,"$176,471 "
1853,Keon,Hatcher,OAK,"$169,410 "
,Chris,Jones,ARI,"$169,410 "
,Niles,Scott,CIN,"$169,410 "
1856,Kyle,Kalis,CLE,"$163,325 "
1857,Cameron,Malveaux,2TM,"$163,235 "
,Will,Holden,ARI,"$163,235 "
,James,Onwualu,SFO,"$163,235 "
,David,Rivers,TAM,"$163,235 "
1861,Derek,Newton,NOR,"$161,471 "
1862,Bronson,Kaufusi,NYJ,"$148,236 "
,Denzel,Rice,2TM,"$148,236 "
1864,Ben,Braden,NYJ,"$141,175 "
,Craig,James,MIN,"$141,175 "
1866,Marcus,Williams,2TM,"$139,412 "
,Kai,Forbath,JAX,"$139,412 "
1868,Vontarrius,Dora,ARI,"$130,588 "
,Trey,Edmunds,PIT,"$130,588 "
,Colin,Holba,SFO,"$130,588 "
,Kenny,Ladler,2TM,"$130,588 "
1872,Dominique,Hatfield,LAR,"$129,200 "
,Saeed,Blacknall,OAK,"$129,200 "
,Chris,Lacy,DET,"$129,200 "
,Joshua,Kalu,TEN,"$129,200 "
,Matt,Flanagan,WAS,"$129,200 "
,Nick,Mullens,SFO,"$129,200 "
,Robertson,Daniel,BAL,"$129,200 "
,Mose,Frazier,CAR,"$129,200 "
,Jawill,Davis,NYG,"$129,200 "
,Richard,Jarvis,ATL,"$129,200 "
,Garrett,Dickerson,NYG,"$129,200 "
,Lance,Lenoir,DAL,"$129,200 "
,James,Looney,GNB,"$129,200 "
,Kapri,Bibbs,2TM,"$129,200 "
,Kyle,Fuller,WAS,"$129,200 "
,Marcell,Ateman,OAK,"$129,200 "
,Chandon,Sullivan,PHI,"$129,200 "
,Darvin,Kidsy,WAS,"$129,200 "
,Brian,Parker,DEN,"$129,200 "
,C.J.,Reavis,JAX,"$129,200 "
,Mike,Love,BUF,"$129,200 "
,Trenton,Scott,LAC,"$129,200 "
,Jason,Cabinda,OAK,"$129,200 "
,Nick,DeLuca,JAX,"$129,200 "
,Chad,Beebe,MIN,"$129,200 "
,Mike,Ford,DET,"$129,200 "
,Jalen,Davis,MIA,"$129,200 "
,Dalyn,Dawkins,TEN,"$129,200 "
,Brandon,Wilds,JAX,"$129,200 "
,David,Grinnage,JAX,"$129,200 "
,Dontrell,Hilliard,CLE,"$129,200 "
,Isaac,Asiata,MIA,"$129,200 "
,Gehrig,Dieter,KAN,"$129,200 "
,Pasoni,Tasini,ARI,"$129,200 "
,KeiVarae,Russell,CIN,"$129,200 "
,Emmanuel,Moseley,SFO,"$129,200 "
,Ross,Dwelley,SFO,"$129,200 "
,Demone,Harris,TAM,"$129,200 "
,Maurice,Smith,MIA,"$129,200 "
,Keith,Ford,BUF,"$129,200 "
,Ryan,Neal,ATL,"$129,200 "
,Justin,Jackson,LAC,"$129,200 "
,Tim,White,BAL,"$129,200 "
,Dare,Ogunbowale,TAM,"$129,200 "
,James,Ferentz,NWE,"$129,200 "
,Taylor,Hearn,CAR,"$129,200 "
,Tyler,Lancaster,GNB,"$129,200 "
,Jamiyus,Pittman,MIA,"$129,200 "
,Nelson,Agholor,PHI,"$129,200 "
,Alonzo,Russell,NYG,"$129,200 "
,Adam,Pankey,GNB,"$129,200 "
,Brian,Allen,PIT,"$129,200 "
,Daurice,Fountain,IND,"$129,200 "
,Jeremiah,McKinnon,CLE,"$129,200 "
,Dee,Delaney,JAX,"$129,200 "
,Dallin,Leavitt,OAK,"$129,200 "
,Tyvis,Powell,SFO,"$129,200 "
,Isaiah,Ford,MIA,"$129,200 "
,Jordan,Franks,CIN,"$129,200 "
,Anthony,Wint,NYJ,"$129,200 "
,Trey,Marshall,DEN,"$129,200 "
,De'Lance,Turner,BAL,"$129,200 "
,Lyndon,Johnson,JAX,"$129,200 "
,Timon,Parris,WAS,"$129,200 "
,Jeremy,Clark,NYJ,"$129,200 "
,Jeff,Wilson,SFO,"$129,200 "
,Grant,Haley,NYG,"$129,200 "
,KhaDarel,Hodge,LAR,"$129,200 "
,Taquan,Mizzell,CHI,"$129,200 "
,Levi,Wallace,BUF,"$129,200 "
,Jimmy,Murray,KAN,"$129,200 "
,Godwin,Igwebuike,2TM,"$129,200 "
,Gus,Edwards,BAL,"$129,200 "
,Robert,Spillane,TEN,"$129,200 "
,Jalen,Tolliver,ARI,"$129,200 "
,Brendan,Langley,DEN,"$129,200 "
,Cam,Phillips,BUF,"$129,200 "
,Dean,Marlowe,BUF,"$129,200 "
,Jeff,Holland,DEN,"$129,200 "
,Pita,Taumoepenu,SFO,"$129,200 "
,C.J.,Goodwin,DAL,"$129,200 "
,Cole,Croston,NWE,"$129,200 "
,Corey,Thompson,BUF,"$129,200 "
,Garrett,Griffin,NOR,"$129,200 "
,Storm,Norton,MIN,"$129,200 "
,Chris,Worley,CIN,"$129,200 "
,Leonte,Carroo,MIA,"$129,200 "
,Steven,Dunbar,SFO,"$129,200 "
,Jesus,Wilson,TAM,"$129,200 "
,Elijhaa,Penny,NYG,"$129,200 "
,Gabe,Wright,OAK,"$129,200 "
,Trevor,Bates,DET,"$129,200 "
,Mo,Alie-Cox,IND,"$129,200 "
,Denver,Kirkland,OAK,"$129,200 "
,Cassanova,McKinzy,WAS,"$129,200 "
,Boston,Scott,PHI,"$129,200 "
,Branden,Jackson,SEA,"$129,200 "
,Quenton,Meeks,JAX,"$129,200 "
,Jonathan,Woodard,MIA,"$129,200 "
1971,Malik,Turner,SEA,"$121,600 "
,Tre,Sullivan,PHI,"$121,600 "
,Shalom,Luani,SEA,"$121,600 "
,Johnny,Holton,OAK,"$121,600 "
1975,Da'Mari,Scott,BUF,"$112,940 "
1976,Hroniss,Grasu,BAL,"$111,177 "
1977,Jerome,Cunningham,DET,"$111,176 "
,Vincent,Valentine,ARI,"$111,176 "
1979,B.J.,Bello,PHI,"$97,941 "
,De'Angelo,Henderson,NYJ,"$97,941 "
1981,J.J.,Wilcox,2TM,"$92,941 "
,Emmanuel,Lamur,2TM,"$92,941 "
1983,Ahmad,Thomas,IND,"$84,705 "
,Kyle,Wilson,LAC,"$84,705 "
,Andrew,East,WAS,"$84,705 "
1986,Craig,Mager,LAC,"$82,941 "
1987,Jeremy,Langford,ATL,"$74,118 "
,Ufomba,Kamalu,NWE,"$74,118 "
1989,Steven,Mitchell,HOU,"$68,400 "
1990,Nigel,Harris,TEN,"$65,294 "
,Jeremiah,Ledbetter,TAM,"$65,294 "
,Breon,Borders,JAX,"$65,294 "
,Harlan,Miller,WAS,"$65,294 "
,Victor,Bolden,2TM,"$65,294 "
,Darius,Jackson,2TM,"$65,294 "
1996,Jeremy,Reaves,WAS,"$56,470 "
,Lavon,Coleman,GNB,"$56,470 "
,Donnie,Ernsberger,TAM,"$56,470 "
,Elijah,Nkansah,SEA,"$56,470 "
,John,Atkins,DET,"$56,470 "
,Rico,Gafford,OAK,"$56,470 "
,Kyle,Allen,CAR,"$56,470 "
,Allen,Lazard,GNB,"$56,470 "
2004,Clive,Walford,NYJ,"$41,471 "
2005,Aaron,Wallace,TEN,"$37,059 "
,Adolphus,Washington,2TM,"$37,059 "
,Destiny,Vaeao,PHI,"$37,059 "
2008,Max,McCaffrey,SFO,"$32,647 "
2009,Alex,Carter,WAS,"$28,235 "
,Matthew,McCrane,3TM,"$28,235 "
,Mitchell,Loewen,NOR,"$28,235 "
,JJ,Jones,2TM,"$28,235 "
,Malachi,Dupre,ARI,"$2,823 "
